{
  "rounds": [
    {
      "span": 3.0,
      "step": 0.5,
      "best_z": 61.88,
      "best_score": 0.0156424380838871,
      "best_img": "af_Z61_880_170116_20260313_170116.png"
    },
    {
      "span": 0.6,
      "step": 0.2,
      "best_z": 61.68,
      "best_score": 0.014933737926185131,
      "best_img": "af_Z61_680_170129_20260313_170129.png"
    }
  ],
  "best_z": 61.68,
  "best_score": 0.014933737926185131
}