{
  "rounds": [
    {
      "span": 3.0,
      "step": 0.5,
      "best_z": 61.87,
      "best_score": 0.021721553057432175,
      "best_img": "af_Z61_870_175155_20260227_175155.png"
    },
    {
      "span": 0.6,
      "step": 0.2,
      "best_z": 61.67,
      "best_score": 0.020690100267529488,
      "best_img": "af_Z61_670_175208_20260227_175208.png"
    }
  ],
  "best_z": 61.67,
  "best_score": 0.020690100267529488
}