wavelength_nm,intensity_au
3.328048213482277333e+02,-8.626037265316742128e-04
3.329115031616871079e+02,-1.865145587875957677e-03
3.330181933802810477e+02,1.142479996156892498e-03
3.331248920011838663e+02,-1.138302738401352106e-03
3.332315990215697639e+02,-8.626037265316742128e-04
3.333383144386131107e+02,1.418179008026570391e-03
3.334450382494881069e+02,-2.861421562587112915e-04
3.335517704513690660e+02,-1.088175645334137943e-03
3.336585110414302449e+02,-1.163366284934959187e-03
3.337652600168459003e+02,-1.163366284934959187e-03
3.338720173747902891e+02,2.646292788173317586e-03
3.339787831124377249e+02,-1.539319482939065405e-03
3.340855572269625213e+02,-1.188429831468566268e-03
3.341923397155388784e+02,9.169080773544287678e-04
3.342991305753411098e+02,5.660184258839296313e-04
3.344059298035434153e+02,1.650016813462162511e-04
3.345127373973201657e+02,-1.414001750271029999e-03
3.346195533538455607e+02,2.903194140142516841e-04
3.347263776702939708e+02,-6.871589007964246446e-04
3.348332103438395393e+02,-5.618411681283892387e-04
3.349400513716566365e+02,-1.439065296804637080e-03
3.350469007509194626e+02,-5.367776215947821575e-04
3.351537584788023878e+02,-2.610786097251042103e-04
3.352606245524796122e+02,7.414632516191791995e-04
3.353674989691253927e+02,-1.858879701242829397e-04
3.354743817259140428e+02,-1.038048552266923781e-03
3.355812728200198194e+02,-2.109515166578900208e-04
3.356881722486170361e+02,-1.138302738401352106e-03
3.357950800088798928e+02,-1.263620471069387512e-03
3.359019960979827601e+02,1.368051914959356229e-03
3.360089205130997811e+02,1.568560287228212878e-03
3.361158532514053263e+02,-2.040590413611207028e-03
3.362227943100736525e+02,1.342988368425749148e-03
3.363297436862790164e+02,7.163997050855721183e-04
3.364367013771957318e+02,-3.362692493259254538e-04
3.365436673799979985e+02,-8.375401799980671316e-04
3.366506416918601303e+02,-1.163366284934959187e-03
3.367576243099564408e+02,3.404465070814658464e-04
3.368646152314611300e+02,1.067289356556071255e-03
3.369716144535484545e+02,-9.879214591997096187e-04
3.370786219733927851e+02,6.161455189511437936e-04
3.371856377881683784e+02,-2.341352972014492002e-03
3.372926618950494344e+02,3.153829605478587652e-04
3.373996942912102668e+02,-5.618411681283892387e-04
3.375067349738251323e+02,2.401923209470374946e-04
3.376137839400683447e+02,1.900652278798233322e-04
3.377208411871141607e+02,-3.550669092264043225e-05
3.378279067121367802e+02,-7.372859938636388069e-04
3.379349805123106307e+02,1.317924821892142067e-03
3.380420625848098553e+02,7.665267981527862807e-04
3.381491529268087106e+02,1.819195752564283907e-03
3.382562515354816242e+02,-1.263620471069387512e-03
3.383633584080026822e+02,1.067289356556071255e-03
3.384704735415463119e+02,-1.138302738401352106e-03
3.385775969332866566e+02,6.161455189511437936e-04
3.386847285803981435e+02,2.401923209470374946e-04
3.387918684800548590e+02,7.163997050855721183e-04
3.388990166294312303e+02,-1.357608770570687773e-04
3.390061730257014574e+02,-8.626037265316742128e-04
3.391133376660398540e+02,-5.618411681283892387e-04
3.392205105476206199e+02,7.915903446863933619e-04
3.393276916676180690e+02,-5.618411681283892387e-04
3.394348810232065148e+02,7.414632516191791995e-04
3.395420786115602141e+02,-1.288684017602994593e-03
3.396492844298533669e+02,-6.370318077292104822e-04
3.397564984752603436e+02,-2.360150631914971020e-04
3.398637207449554012e+02,9.169080773544287678e-04
3.399709512361127395e+02,-6.620953542628175634e-04
3.400781899459066722e+02,1.148745882790020752e-04
3.401854368715115129e+02,-7.372859938636388069e-04
3.402926920101014616e+02,4.657642397495012523e-04
3.403999553588508888e+02,-7.372859938636388069e-04
3.405072269149339945e+02,-1.063112098800530862e-03
3.406145066755250355e+02,9.920987169552500113e-04
3.407217946377983253e+02,4.657642397495012523e-04
3.408290907989281209e+02,-8.876672730652812940e-04
3.409363951560887358e+02,4.407006932158941711e-04
3.410437077064543701e+02,-1.238556924535780430e-03
3.411510284471993373e+02,5.158913328167154689e-04
3.412583573754979511e+02,-2.241098785880063678e-03
3.413656944885244116e+02,2.652558674806446029e-04
3.414730397834530322e+02,-1.313747564136601674e-03
3.415803932574580699e+02,1.342988368425749148e-03
3.416877549077137814e+02,-1.589446576006279567e-03
3.417951247313944805e+02,1.148745882790020752e-04
3.419025027256744238e+02,1.317924821892142067e-03
3.420098888877279251e+02,6.913361585519650371e-04
3.421172832147291842e+02,-3.362692493259254538e-04
3.422246857038524581e+02,9.169080773544287678e-04
3.423320963522721172e+02,4.407006932158941711e-04
3.424395151571623614e+02,-1.858879701242829397e-04
3.425469421156975045e+02,-1.608244235906758585e-04
3.426543772250518032e+02,9.169080773544287678e-04
3.427618204823995711e+02,-4.114598889267466974e-04
3.428692718849149514e+02,-9.377943661324954563e-04
3.429767314297723715e+02,-3.613327958595325350e-04
3.430841991141460312e+02,3.905736001486800088e-04
3.431916749352101874e+02,-2.165908146279242434e-03
3.432991588901390969e+02,1.148745882790020752e-04
3.434066509761071302e+02,-4.866505285275679409e-04
3.435141511902884872e+02,6.662726120183579560e-04
3.436216595298574816e+02,-1.764891401741529352e-03
3.437291759919883134e+02,-8.375401799980671316e-04
3.438367005738553530e+02,-1.338811110670208755e-03
3.439442332726328004e+02,4.156371466822870900e-04
3.440517740854949125e+02,-7.623495403972458881e-04
3.441593230096160596e+02,-1.858879701242829397e-04
3.442668800421704418e+02,1.067289356556071255e-03
3.443744451803323159e+02,-2.861421562587112915e-04
3.444820184212760523e+02,-1.439065296804637080e-03
3.445895997621757942e+02,2.270339590169211368e-03
3.446971892002059121e+02,7.915903446863933619e-04
3.448047867325406060e+02,1.518433194160998716e-03
3.449123923563542462e+02,-2.190971692812849515e-03
3.450200060688209760e+02,9.169080773544287678e-04
3.451276278671152227e+02,-8.626037265316742128e-04
3.452352577484111293e+02,6.161455189511437936e-04
3.453428957098830097e+02,-9.879214591997096187e-04
3.454505417487051204e+02,9.169080773544287678e-04
3.455581958620518321e+02,1.650016813462162511e-04
3.456658580470972879e+02,1.192607089224106661e-03
3.457735283010158582e+02,-4.365234354603537785e-04
3.458812066209817431e+02,9.670351704216429301e-04
3.459888930041691992e+02,-2.360150631914971020e-04
3.460965874477526540e+02,-7.372859938636388069e-04
3.462042899489061938e+02,4.156371466822870900e-04
3.463120005048041889e+02,8.667809842872146054e-04
3.464197191126208963e+02,4.908277862831083877e-04
3.465274457695306296e+02,8.417174377536075242e-04
3.466351804727075319e+02,-6.119682611956034010e-04
3.467429232193260304e+02,-8.563378398985460138e-05
3.468506740065603253e+02,-1.589446576006279567e-03
3.469584328315846733e+02,1.900652278798233322e-04
3.470661996915733880e+02,5.409548793503225501e-04
3.471739745837007263e+02,5.660184258839296313e-04
3.472817575051409449e+02,-1.439065296804637080e-03
3.473895484530683575e+02,1.650016813462162511e-04
3.474973474246572209e+02,-1.564383029472672486e-03
3.476051544170817351e+02,-1.213493378002173349e-03
3.477129694275162706e+02,2.401923209470374946e-04
3.478207924531350841e+02,1.142479996156892498e-03
3.479286234911124325e+02,-1.865145587875957677e-03
3.480364625386225725e+02,5.910819724175367124e-04
3.481443095928397611e+02,4.156371466822870900e-04
3.482521646509383686e+02,8.667809842872146054e-04
3.483600277100925382e+02,-8.626037265316742128e-04
3.484678987674766404e+02,-6.057023745624751343e-05
3.485757778202649320e+02,1.462040214457373858e-05
3.486836648656316129e+02,5.158913328167154689e-04
3.487915599007510536e+02,3.655100536150729276e-04
3.488994629227975111e+02,5.409548793503225501e-04
3.490073739289451851e+02,7.414632516191791995e-04
3.491152929163683893e+02,3.968394867818082484e-05
3.492232198822414375e+02,1.067289356556071255e-03
3.493311548237385296e+02,-1.815018494808743514e-03
3.494390977380340360e+02,-1.138302738401352106e-03
3.495470486223020998e+02,-7.623495403972458881e-04
3.496550074737170917e+02,-9.879214591997096187e-04
3.497629742894532683e+02,-1.288684017602994593e-03
3.498709490666849433e+02,2.151287744134304134e-04
3.499789318025862599e+02,6.662726120183579560e-04
3.500869224943315885e+02,-5.367776215947821575e-04
3.501949211390952428e+02,-8.876672730652812940e-04
3.503029277340513659e+02,-1.489192389871851242e-03
3.504109422763743282e+02,4.657642397495012523e-04
3.505189647632383867e+02,1.462040214457373858e-05
3.506269951918177981e+02,4.156371466822870900e-04
3.507350335592868191e+02,-1.858879701242829397e-04
3.508430798628197635e+02,6.913361585519650371e-04
3.509511340995908881e+02,-8.375401799980671316e-04
3.510591962667745065e+02,-1.263620471069387512e-03
3.511672663615447618e+02,-2.360150631914971020e-04
3.512753443810760814e+02,-4.114598889267466974e-04
3.513834303225426652e+02,-2.040590413611207028e-03
3.514915241831187700e+02,5.910819724175367124e-04
3.515996259599787095e+02,2.652558674806446029e-04
3.517077356502967405e+02,-1.044314438903334599e-05
3.518158532512471197e+02,-1.439065296804637080e-03
3.519239787600041041e+02,8.918445308208216866e-04
3.520321121737420640e+02,-1.363874657203815836e-03
3.521402534896351426e+02,-6.370318077292104822e-04
3.522484027048577104e+02,-1.338811110670208755e-03
3.523565598165840242e+02,8.667809842872146054e-04
3.524647248219883409e+02,-4.866505285275679409e-04
3.525728977182449171e+02,1.568560287228212878e-03
3.526810785025280097e+02,-1.163366284934959187e-03
3.527892671720119324e+02,-2.360150631914971020e-04
3.528974637238709988e+02,-1.012985005733316700e-03
3.530056681552794089e+02,-1.608244235906758585e-04
3.531138804634114194e+02,3.905736001486800088e-04
3.532221006454413441e+02,1.142479996156892498e-03
3.533303286985434966e+02,-1.357608770570687773e-04
3.534385646198920767e+02,3.153829605478587652e-04
3.535468084066613983e+02,-7.122224473300317257e-04
3.536550600560257749e+02,5.158913328167154689e-04
3.537633195651593496e+02,5.409548793503225501e-04
3.538715869312365498e+02,-1.363874657203815836e-03
3.539798621514315187e+02,6.474749521178791280e-05
3.540881452229185697e+02,-3.362692493259254538e-04
3.541964361428720167e+02,-1.263620471069387512e-03
3.543047349084661164e+02,7.915903446863933619e-04
3.544130415168751256e+02,-2.610786097251042103e-04
3.545213559652733579e+02,1.399381348126091699e-04
3.546296782508350134e+02,-3.550669092264043225e-05
3.547380083707344056e+02,1.668814473362641420e-03
3.548463463221457914e+02,-1.338811110670208755e-03
3.549546921022434844e+02,6.161455189511437936e-04
3.550630457082017415e+02,-3.863963423931396162e-04
3.551714071371948194e+02,3.153829605478587652e-04
3.552797763863969749e+02,-1.664637215607101027e-03
3.553881534529825217e+02,-1.589446576006279567e-03
3.554965383341257166e+02,-2.610786097251042103e-04
3.556049310270008164e+02,3.905736001486800088e-04
3.557133315287820778e+02,3.153829605478587652e-04
3.558217398366438715e+02,1.568560287228212878e-03
3.559301559477603405e+02,-8.626037265316742128e-04
3.560385798593058553e+02,1.468306101093784554e-03
3.561470115684546727e+02,-8.876672730652812940e-04
3.562554510723810495e+02,1.317924821892142067e-03
3.563638983682592425e+02,6.474749521178791280e-05
3.564723534532635085e+02,-6.620953542628175634e-04
3.565808163245681612e+02,3.968394867818082484e-05
3.566892869793475143e+02,-8.124766334644600504e-04
3.567977654147757676e+02,-1.263620471069387512e-03
3.569062516280271780e+02,1.292861275358534985e-03
3.570147456162761159e+02,-1.564383029472672486e-03
3.571232473766967246e+02,1.593623833761819960e-03
3.572317569064634313e+02,-1.539319482939065405e-03
3.573402742027503791e+02,6.474749521178791280e-05
3.574487992627318818e+02,-6.871589007964246446e-04
3.575573320835821960e+02,-4.615869819939608597e-04
3.576658726624756923e+02,-1.088175645334137943e-03
3.577744209965865139e+02,1.117416449623285417e-03
3.578829770830890311e+02,-1.608244235906758585e-04
3.579915409191574440e+02,1.650016813462162511e-04
3.581001125019660094e+02,-1.639573669073493946e-03
3.582086918286890977e+02,1.443242554560177473e-03
3.583172788965009659e+02,9.419716238880358489e-04
3.584258737025758137e+02,-1.044314438903334599e-05
3.585344762440879549e+02,-3.550669092264043225e-05
3.586430865182116463e+02,1.317924821892142067e-03
3.587517045221212015e+02,2.652558674806446029e-04
3.588603302529908774e+02,3.404465070814658464e-04
3.589689637079949307e+02,-1.739827855207922271e-03
3.590776048843076182e+02,-4.615869819939608597e-04
3.591862537791032537e+02,-1.163366284934959187e-03
3.592949103895560938e+02,2.094894764433961800e-03
3.594035747128403955e+02,2.652558674806446029e-04
3.595122467461304154e+02,4.407006932158941711e-04
3.596209264866005242e+02,-2.861421562587112915e-04
3.597296139314248649e+02,-3.362692493259254538e-04
3.598383090777778079e+02,-1.106973305234616826e-04
3.599470119228336102e+02,-7.122224473300317257e-04
3.600557224637665286e+02,6.474749521178791280e-05
3.601644406977508197e+02,-7.122224473300317257e-04
3.602731666219607405e+02,1.650016813462162511e-04
3.603819002335706045e+02,3.905736001486800088e-04
3.604906415297547255e+02,-1.163366284934959187e-03
3.605993905076872466e+02,-6.057023745624751343e-05
3.607081471645425950e+02,1.399381348126091699e-04
3.608169114974949139e+02,-3.613327958595325350e-04
3.609256835037185738e+02,-2.861421562587112915e-04
3.610344631803877746e+02,-2.441607158148920761e-03
3.611432505246768301e+02,-8.626037265316742128e-04
3.612520455337599969e+02,3.153829605478587652e-04
3.613608482048115889e+02,-7.372859938636388069e-04
3.614696585350058058e+02,1.217670635757713742e-03
3.615784765215169614e+02,-8.626037265316742128e-04
3.616873021615193693e+02,-3.362692493259254538e-04
3.617961354521872295e+02,2.019704124833140556e-03
3.619049763906948556e+02,2.652558674806446029e-04
3.620138249742165044e+02,5.660184258839296313e-04
3.621226811999264328e+02,1.167543542690499580e-03
3.622315450649989543e+02,6.412090654847508748e-04
3.623404165666083259e+02,1.042225810022464174e-03
3.624492957019288042e+02,1.242734182291320823e-03
3.625581824681347030e+02,1.650016813462162511e-04
3.626670768624002790e+02,-6.620953542628175634e-04
3.627759788818997322e+02,-9.377943661324954563e-04
3.628848885238074899e+02,1.217670635757713742e-03
3.629938057852976385e+02,1.242734182291320823e-03
3.631027306635446052e+02,-1.238556924535780430e-03
3.632116631557225901e+02,1.217670635757713742e-03
3.633206032590059067e+02,1.443242554560177473e-03
3.634295509705687550e+02,-2.360150631914971020e-04
3.635385062875855056e+02,-7.372859938636388069e-04
3.636474692072303583e+02,1.148745882790020752e-04
3.637564397266775700e+02,4.407006932158941711e-04
3.638654178431015112e+02,-3.362692493259254538e-04
3.639744035536763249e+02,-2.109515166578900208e-04
3.640833968555764386e+02,3.968394867818082484e-05
3.641923977459759953e+02,-1.138302738401352106e-03
3.643014062220493088e+02,-3.112057027923183727e-04
3.644104222809706926e+02,-1.439065296804637080e-03
3.645194459199143466e+02,1.317924821892142067e-03
3.646284771360546415e+02,2.401923209470374946e-04
3.647375159265657203e+02,9.670351704216429301e-04
3.648465622886219535e+02,5.660184258839296313e-04
3.649556162193975979e+02,1.543496740694605797e-03
3.650646777160669103e+02,-4.866505285275679409e-04
3.651737467758042044e+02,1.462040214457373858e-05
3.652828233957836801e+02,-1.357608770570687773e-04
3.653919075731796511e+02,9.670351704216429301e-04
3.655009993051663741e+02,-6.620953542628175634e-04
3.656100985889181629e+02,3.655100536150729276e-04
3.657192054216092743e+02,-1.138302738401352106e-03
3.658283198004139649e+02,-6.057023745624751343e-05
3.659374417225064917e+02,-1.608244235906758585e-04
3.660465711850611683e+02,-6.871589007964246446e-04
3.661557081852522515e+02,-1.138302738401352106e-03
3.662648527202539981e+02,-2.861421562587112915e-04
3.663740047872407217e+02,1.399381348126091699e-04
3.664831643833866224e+02,-4.866505285275679409e-04
3.665923315058660705e+02,3.153829605478587652e-04
3.667015061518532661e+02,3.404465070814658464e-04
3.668106883185225229e+02,-2.109515166578900208e-04
3.669198780030480407e+02,-1.564383029472672486e-03
3.670290752026041901e+02,-1.188429831468566268e-03
3.671382799143652278e+02,-1.357608770570687773e-04
3.672474921355053539e+02,-5.367776215947821575e-04
3.673567118631988819e+02,-4.114598889267466974e-04
3.674659390946201256e+02,1.042225810022464174e-03
3.675751738269433417e+02,4.657642397495012523e-04
3.676844160573427303e+02,-1.213493378002173349e-03
3.677936657829926617e+02,1.593623833761819960e-03
3.679029230010673359e+02,-1.288684017602994593e-03
3.680121877087410667e+02,1.418179008026570391e-03
3.681214599031881107e+02,-8.563378398985460138e-05
3.682307395815827249e+02,-3.112057027923183727e-04
3.683400267410992797e+02,-7.623495403972458881e-04
3.684493213789119181e+02,-1.639573669073493946e-03
3.685586234921949540e+02,-6.370318077292104822e-04
3.686679330781227009e+02,-2.861421562587112915e-04
3.687772501338694155e+02,3.968394867818082484e-05
3.688865746566093549e+02,3.905736001486800088e-04
3.689959066435168324e+02,-6.620953542628175634e-04
3.691052460917659914e+02,7.414632516191791995e-04
3.692145929985312591e+02,-3.550669092264043225e-05
3.693239473609868924e+02,-1.739827855207922271e-03
3.694333091763070342e+02,-6.057023745624751343e-05
3.695426784416661121e+02,1.399381348126091699e-04
3.696520551542383259e+02,-2.109515166578900208e-04
3.697614393111979325e+02,-8.876672730652812940e-04
3.698708309097191886e+02,1.399381348126091699e-04
3.699802299469764648e+02,5.409548793503225501e-04
3.700896364201439610e+02,-9.628579126661025375e-04
3.701990503263959909e+02,-2.610786097251042103e-04
3.703084716629067543e+02,-2.040590413611207028e-03
3.704179004268505651e+02,-6.370318077292104822e-04
3.705273366154017367e+02,-3.613327958595325350e-04
3.706367802257345261e+02,7.414632516191791995e-04
3.707462312550231331e+02,-3.112057027923183727e-04
3.708556897004419284e+02,-7.874130869308529693e-04
3.709651555591651118e+02,-1.539319482939065405e-03
3.710746288283669969e+02,-1.163366284934959187e-03
3.711841095052218407e+02,-5.869047146619963198e-04
3.712935975869039567e+02,3.968394867818082484e-05
3.714030930705875448e+02,2.652558674806446029e-04
3.715125959534469757e+02,3.655100536150729276e-04
3.716221062326563924e+02,-8.626037265316742128e-04
3.717316239053901654e+02,4.657642397495012523e-04
3.718411489688225515e+02,-1.138302738401352106e-03
3.719506814201278075e+02,6.412090654847508748e-04
3.720602212564801903e+02,-6.057023745624751343e-05
3.721697684750540702e+02,-5.869047146619963198e-04
3.722793230730235337e+02,1.462040214457373858e-05
3.723888850475630647e+02,-4.866505285275679409e-04
3.724984543958467498e+02,2.652558674806446029e-04
3.726080311150490161e+02,1.042225810022464174e-03
3.727176152023440636e+02,8.417174377536075242e-04
3.728272066549061492e+02,9.419716238880358489e-04
3.729368054699095865e+02,-3.112057027923183727e-04
3.730464116445285754e+02,-1.357608770570687773e-04
3.731560251759375433e+02,-3.112057027923183727e-04
3.732656460613105764e+02,-5.618411681283892387e-04
3.733752742978220454e+02,-3.863963423931396162e-04
3.734849098826462637e+02,9.419716238880358489e-04
3.735945528129574313e+02,1.900652278798233322e-04
3.737042030859298052e+02,6.913361585519650371e-04
3.738138606987377557e+02,-9.628579126661025375e-04
3.739235256485554828e+02,-8.876672730652812940e-04
3.740331979325572433e+02,-2.541861344283349085e-03
3.741428775479173510e+02,7.414632516191791995e-04
3.742525644918100625e+02,1.650016813462162511e-04
3.743622587614096915e+02,1.462040214457373858e-05
3.744719603538904380e+02,-1.338811110670208755e-03
3.745816692664266156e+02,8.417174377536075242e-04
3.746913854961925381e+02,8.166538912200004430e-04
3.748011090403624053e+02,-8.876672730652812940e-04
3.749108398961105308e+02,1.399381348126091699e-04
3.750205780606111716e+02,6.474749521178791280e-05
3.751303235310385844e+02,-7.623495403972458881e-04
3.752400763045670828e+02,1.142479996156892498e-03
3.753498363783709237e+02,-3.550669092264043225e-05
3.754596037496243639e+02,-9.879214591997096187e-04
3.755693784155017170e+02,9.670351704216429301e-04
3.756791603731772398e+02,4.657642397495012523e-04
3.757889496198251891e+02,-1.639573669073493946e-03
3.758987461526197649e+02,-2.861421562587112915e-04
3.760085499687353945e+02,-7.874130869308529693e-04
3.761183610653462779e+02,-8.626037265316742128e-04
3.762281794396266719e+02,-2.109515166578900208e-04
3.763380050887508901e+02,7.414632516191791995e-04
3.764478380098931325e+02,-2.541861344283349085e-03
3.765576782002277128e+02,-3.613327958595325350e-04
3.766675256569289445e+02,-1.858879701242829397e-04
3.767773803771710845e+02,-1.608244235906758585e-04
3.768872423581283329e+02,-3.550669092264043225e-05
3.769971115969750599e+02,-1.044314438903334599e-05
3.771069880908854657e+02,2.195148950568390125e-03
3.772168718370338638e+02,1.017162263488857092e-03
3.773267628325945680e+02,6.474749521178791280e-05
3.774366610747417212e+02,-1.514255936405458323e-03
3.775465665606497510e+02,-9.628579126661025375e-04
3.776564792874928003e+02,-2.861421562587112915e-04
3.777663992524451828e+02,1.267797728824927904e-03
3.778763264526812122e+02,9.670351704216429301e-04
3.779862608853751453e+02,-1.363874657203815836e-03
3.780962025477012389e+02,-2.861421562587112915e-04
3.782061514368338067e+02,-1.188429831468566268e-03
3.783161075499469916e+02,-1.106973305234616826e-04
3.784260708842152781e+02,-3.362692493259254538e-04
3.785360414368127522e+02,3.655100536150729276e-04
3.786460192049137277e+02,3.655100536150729276e-04
3.787560041856925750e+02,1.067289356556071255e-03
3.788659963763234941e+02,-3.112057027923183727e-04
3.789759957739807419e+02,1.393115461492963310e-03
3.790860023758385751e+02,1.148745882790020752e-04
3.791960161790713641e+02,8.166538912200004430e-04
3.793060371808533091e+02,2.652558674806446029e-04
3.794160653783587236e+02,6.474749521178791280e-05
3.795261007687618076e+02,-6.370318077292104822e-04
3.796361433492369315e+02,-5.117140750611750763e-04
3.797461931169582385e+02,-7.122224473300317257e-04
3.798562500691001560e+02,2.903194140142516841e-04
3.799663142028368270e+02,3.905736001486800088e-04
3.800763855153426221e+02,-8.124766334644600504e-04
3.801864640037917411e+02,4.908277862831083877e-04
3.802965496653584978e+02,-8.626037265316742128e-04
3.804066424972171490e+02,8.667809842872146054e-04
3.805167424965420082e+02,8.981104174539499398e-05
3.806268496605072755e+02,6.161455189511437936e-04
3.807369639862872646e+02,2.652558674806446029e-04
3.808470854710562890e+02,1.067289356556071255e-03
3.809572141119885487e+02,-2.610786097251042103e-04
3.810673499062583574e+02,5.158913328167154689e-04
3.811774928510399150e+02,1.342988368425749148e-03
3.812876429435076489e+02,4.407006932158941711e-04
3.813978001808357021e+02,1.543496740694605797e-03
3.815079645601983884e+02,-2.861421562587112915e-04
3.816181360787699646e+02,6.474749521178791280e-05
3.817283147337246874e+02,1.668814473362641420e-03
3.818385005222369273e+02,1.650016813462162511e-04
3.819486934414808843e+02,-1.764891401741529352e-03
3.820588934886308152e+02,8.981104174539499398e-05
3.821691006608609769e+02,-5.869047146619963198e-04
3.822793149553457397e+02,-3.550669092264043225e-05
3.823895363692593037e+02,4.407006932158941711e-04
3.824997648997759256e+02,6.474749521178791280e-05
3.826100005440699761e+02,1.650016813462162511e-04
3.827202432993155981e+02,-5.367776215947821575e-04
3.828304931626871621e+02,-1.639573669073493946e-03
3.829407501313588682e+02,5.409548793503225501e-04
3.830510142025050300e+02,-6.119682611956034010e-04
3.831612853732999611e+02,3.968394867818082484e-05
3.832715636409178614e+02,-5.367776215947821575e-04
3.833818490025330448e+02,2.069831217900354719e-03
3.834921414553197678e+02,-9.879214591997096187e-04
3.836024409964523443e+02,1.969577031765926394e-03
3.837127476231049741e+02,1.900652278798233322e-04
3.838230613324519709e+02,6.412090654847508748e-04
3.839333821216675915e+02,-1.357608770570687773e-04
3.840437099879261496e+02,8.166538912200004430e-04
3.841540449284019019e+02,6.474749521178791280e-05
3.842643869402691053e+02,1.317924821892142067e-03
3.843747360207020165e+02,2.903194140142516841e-04
3.844850921668749493e+02,2.401923209470374946e-04
3.845954553759621604e+02,-1.514255936405458323e-03
3.847058256451379066e+02,-8.375401799980671316e-04
3.848162029715764447e+02,1.969577031765926394e-03
3.849265873524521453e+02,1.994640578299533475e-03
3.850369787849391514e+02,-9.879214591997096187e-04
3.851473772662118336e+02,7.414632516191791995e-04
3.852577827934444485e+02,-2.109515166578900208e-04
3.853681953638111963e+02,6.474749521178791280e-05
3.854786149744864474e+02,-3.112057027923183727e-04
3.855890416226444586e+02,9.670351704216429301e-04
3.856994753054594298e+02,-3.362692493259254538e-04
3.858099160201056748e+02,-4.615869819939608597e-04
3.859203637637575071e+02,2.151287744134304134e-04
3.860308185335891267e+02,2.270339590169211368e-03
3.861412803267748473e+02,4.657642397495012523e-04
3.862517491404889824e+02,-1.138302738401352106e-03
3.863622249719057322e+02,-7.372859938636388069e-04
3.864727078181994102e+02,4.657642397495012523e-04
3.865831976765442732e+02,-1.514255936405458323e-03
3.866936945441145781e+02,1.317924821892142067e-03
3.868041984180846384e+02,-1.338811110670208755e-03
3.869147092956287111e+02,3.655100536150729276e-04
3.870252271739210528e+02,-1.288684017602994593e-03
3.871357520501359772e+02,-4.615869819939608597e-04
3.872462839214476844e+02,1.693878019896248501e-03
3.873568227850305448e+02,1.568560287228212878e-03
3.874673686380587583e+02,-7.623495403972458881e-04
3.875779214777066386e+02,-1.338811110670208755e-03
3.876884813011484425e+02,-2.360150631914971020e-04
3.877990481055584269e+02,-9.628579126661025375e-04
3.879096218881108484e+02,-1.439065296804637080e-03
3.880202026459800777e+02,-1.357608770570687773e-04
3.881307903763402578e+02,-2.366416518548099084e-03
3.882413850763657592e+02,-1.714764308674315190e-03
3.883519867432307819e+02,-1.038048552266923781e-03
3.884625953741096964e+02,-5.367776215947821575e-04
3.885732109661766458e+02,-3.362692493259254538e-04
3.886838335166060006e+02,1.242734182291320823e-03
3.887944630225720175e+02,3.968394867818082484e-05
3.889050994812489535e+02,2.401923209470374946e-04
3.890157428898111220e+02,8.667809842872146054e-04
3.891263932454327232e+02,-9.628579126661025375e-04
3.892370505452880707e+02,6.474749521178791280e-05
3.893477147865514780e+02,9.169080773544287678e-04
3.894583859663971452e+02,-1.038048552266923781e-03
3.895690640819993291e+02,1.462040214457373858e-05
3.896797491305324002e+02,-1.965399774010385785e-03
3.897904411091705583e+02,2.652558674806446029e-04
3.899011400150881173e+02,-3.043132274955490709e-03
3.900118458454593338e+02,-8.876672730652812940e-04
3.901225585974584646e+02,-1.106973305234616826e-04
3.902332782682598236e+02,1.393115461492963310e-03
3.903440048550376105e+02,-8.563378398985460138e-05
3.904547383549661959e+02,-3.613327958595325350e-04
3.905654787652197797e+02,-3.863963423931396162e-04
3.906762260829726188e+02,5.158913328167154689e-04
3.907869803053990836e+02,-1.113239191867745025e-03
3.908977414296733741e+02,4.407006932158941711e-04
3.910085094529697471e+02,-1.263620471069387512e-03
3.911192843724625163e+02,4.407006932158941711e-04
3.912300661853259385e+02,5.409548793503225501e-04
3.913408548887343272e+02,-6.119682611956034010e-04
3.914516504798618826e+02,-1.163366284934959187e-03
3.915624529558829181e+02,4.156371466822870900e-04
3.916732623139717475e+02,5.660184258839296313e-04
3.917840785513025708e+02,3.404465070814658464e-04
3.918949016650497015e+02,-3.863963423931396162e-04
3.920057316523873965e+02,-1.865145587875957677e-03
3.921165685104899126e+02,-1.664637215607101027e-03
3.922274122365315634e+02,-1.044314438903334599e-05
3.923382628276866058e+02,-1.439065296804637080e-03
3.924491202811292965e+02,1.543496740694605797e-03
3.925599845940339492e+02,-5.367776215947821575e-04
3.926708557635748207e+02,-5.618411681283892387e-04
3.927817337869261110e+02,1.869322845631498069e-03
3.928926186612621905e+02,-1.288684017602994593e-03
3.930035103837573160e+02,-1.113239191867745025e-03
3.931144089515857445e+02,2.903194140142516841e-04
3.932253143619217326e+02,-6.057023745624751343e-05
3.933362266119395372e+02,-5.618411681283892387e-04
3.934471456988134719e+02,-8.375401799980671316e-04
3.935580716197178504e+02,-7.874130869308529693e-04
3.936690043718268157e+02,-8.124766334644600504e-04
3.937799439523147953e+02,1.292861275358534985e-03
3.938908903583559322e+02,1.217670635757713742e-03
3.940018435871245970e+02,1.462040214457373858e-05
3.941128036357949895e+02,-6.871589007964246446e-04
3.942237705015414235e+02,4.657642397495012523e-04
3.943347441815381558e+02,2.401923209470374946e-04
3.944457246729594431e+02,7.665267981527862807e-04
3.945567119729795991e+02,1.017162263488857092e-03
3.946677060787728806e+02,3.153829605478587652e-04
3.947787069875136012e+02,-6.370318077292104822e-04
3.948897146963759042e+02,-1.106973305234616826e-04
3.950007292025342167e+02,1.148745882790020752e-04
3.951117505031627388e+02,6.412090654847508748e-04
3.952227785954357273e+02,-1.113239191867745025e-03
3.953338134765274958e+02,5.660184258839296313e-04
3.954448551436122443e+02,1.844259299097890988e-03
3.955559035938644001e+02,1.462040214457373858e-05
3.956669588244580495e+02,-8.375401799980671316e-04
3.957780208325675630e+02,1.167543542690499580e-03
3.958890896153672543e+02,-1.263620471069387512e-03
3.960001651700313232e+02,8.417174377536075242e-04
3.961112474937340266e+02,-7.372859938636388069e-04
3.962223365836496782e+02,-2.610786097251042103e-04
3.963334324369525916e+02,1.167543542690499580e-03
3.964445350508169668e+02,6.161455189511437936e-04
3.965556444224171173e+02,-1.388938203737422918e-03
3.966667605489273001e+02,1.292861275358534985e-03
3.967778834275218287e+02,-1.138302738401352106e-03
3.968890130553749032e+02,-3.613327958595325350e-04
3.970001494296608371e+02,-2.040590413611207028e-03
3.971112925475539441e+02,3.655100536150729276e-04
3.972224424062284243e+02,-2.360150631914971020e-04
3.973335990028585343e+02,-6.620953542628175634e-04
3.974447623346186447e+02,-6.370318077292104822e-04
3.975559323986829554e+02,-5.618411681283892387e-04
3.976671091922257801e+02,-1.414001750271029999e-03
3.977782927124213757e+02,-5.618411681283892387e-04
3.978894829564439988e+02,4.407006932158941711e-04
3.980006799214679631e+02,-1.106973305234616826e-04
3.981118836046674687e+02,-2.109515166578900208e-04
3.982230940032168292e+02,-1.238556924535780430e-03
3.983343111142903581e+02,-9.377943661324954563e-04
3.984455349350623123e+02,8.918445308208216866e-04
3.985567654627069487e+02,-3.550669092264043225e-05
3.986680026943984672e+02,9.419716238880358489e-04
3.987792466273112950e+02,6.412090654847508748e-04
3.988904972586195754e+02,-1.714764308674315190e-03
3.990017545854976220e+02,1.668814473362641420e-03
3.991130186051196915e+02,8.981104174539499398e-05
3.992242893146601546e+02,-1.263620471069387512e-03
3.993355667112931542e+02,-1.038048552266923781e-03
3.994468507921930041e+02,-5.117140750611750763e-04
3.995581415545340178e+02,1.117416449623285417e-03
3.996694389954904523e+02,-9.628579126661025375e-04
3.997807431122365642e+02,2.345530229770032612e-03
3.998920539019466105e+02,-9.628579126661025375e-04
4.000033713617949047e+02,1.399381348126091699e-04
4.001146954889557037e+02,-6.620953542628175634e-04
4.002260262806032642e+02,1.192607089224106661e-03
4.003373637339118432e+02,-4.615869819939608597e-04
4.004487078460558109e+02,-5.618411681283892387e-04
4.005600586142093675e+02,-2.861421562587112915e-04
4.006714160355467129e+02,-3.613327958595325350e-04
4.007827801072422744e+02,-3.550669092264043225e-05
4.008941508264702520e+02,1.493369647627391635e-03
4.010055281904049025e+02,1.042225810022464174e-03
4.011169121962204827e+02,2.151287744134304134e-04
4.012283028410913062e+02,-6.620953542628175634e-04
4.013397001221916298e+02,1.242734182291320823e-03
4.014511040366957673e+02,-1.890209134409564758e-03
4.015625145817779185e+02,1.769068659497069745e-03
4.016739317546123971e+02,-1.238556924535780430e-03
4.017853555523735167e+02,-1.012985005733316700e-03
4.018967859722354774e+02,-1.138302738401352106e-03
4.020082230113725927e+02,3.404465070814658464e-04
4.021196666669591195e+02,4.657642397495012523e-04
4.022311169361693146e+02,1.468306101093784554e-03
4.023425738161774916e+02,-2.491734251216134923e-03
4.024540373041579073e+02,-1.858879701242829397e-04
4.025655073972848186e+02,1.148745882790020752e-04
4.026769840927324822e+02,-7.874130869308529693e-04
4.027884673876752686e+02,-1.313747564136601674e-03
4.028999572792873778e+02,-1.138302738401352106e-03
4.030114537647430097e+02,1.292861275358534985e-03
4.031229568412165918e+02,1.267797728824927904e-03
4.032344665058823239e+02,-8.124766334644600504e-04
4.033459827559144060e+02,-8.626037265316742128e-04
4.034575055884872654e+02,1.092352903089678336e-03
4.035690350007750453e+02,-6.620953542628175634e-04
4.036805709899521162e+02,-1.263620471069387512e-03
4.037921135531926211e+02,-5.367776215947821575e-04
4.039036626876709306e+02,-2.040590413611207028e-03
4.040152183905613583e+02,5.158913328167154689e-04
4.041267806590380474e+02,1.067289356556071255e-03
4.042383494902753682e+02,3.404465070814658464e-04
4.043499248814475777e+02,-1.858879701242829397e-04
4.044615068297289326e+02,1.668814473362641420e-03
4.045730953322936898e+02,-2.366416518548099084e-03
4.046846903863161629e+02,7.665267981527862807e-04
4.047962919889706086e+02,-7.372859938636388069e-04
4.049079001374312838e+02,1.142479996156892498e-03
4.050195148288725022e+02,4.156371466822870900e-04
4.051311360604685206e+02,8.417174377536075242e-04
4.052427638293935388e+02,-1.063112098800530862e-03
4.053543981328219274e+02,1.650016813462162511e-04
4.054660389679279433e+02,8.981104174539499398e-05
4.055776863318857863e+02,-6.620953542628175634e-04
4.056893402218698270e+02,-9.377943661324954563e-04
4.058010006350542653e+02,-7.372859938636388069e-04
4.059126675686134149e+02,-8.626037265316742128e-04
4.060243410197215894e+02,3.655100536150729276e-04
4.061360209855529320e+02,-1.388938203737422918e-03
4.062477074632818699e+02,9.670351704216429301e-04
4.063594004500825463e+02,-9.879214591997096187e-04
4.064710999431292748e+02,5.409548793503225501e-04
4.065828059395963692e+02,9.169080773544287678e-04
4.066945184366580861e+02,-1.357608770570687773e-04
4.068062374314886824e+02,-4.866505285275679409e-04
4.069179629212624718e+02,8.918445308208216866e-04
4.070296949031536542e+02,-1.840082041342350596e-03
4.071414333743365432e+02,4.407006932158941711e-04
4.072531783319853957e+02,4.156371466822870900e-04
4.073649297732744685e+02,-2.109515166578900208e-04
4.074766876953781320e+02,-3.362692493259254538e-04
4.075884520954705295e+02,-8.124766334644600504e-04
4.077002229707260312e+02,9.920987169552500113e-04
4.078120003183188942e+02,1.468306101093784554e-03
4.079237841354233751e+02,-7.372859938636388069e-04
4.080355744192137308e+02,5.660184258839296313e-04
4.081473711668642181e+02,8.417174377536075242e-04
4.082591743755491507e+02,1.643750926829034339e-03
4.083709840424427853e+02,1.142479996156892498e-03
4.084828001647194355e+02,6.662726120183579560e-04
4.085946227395533015e+02,1.900652278798233322e-04
4.087064517641186967e+02,-1.858879701242829397e-04
4.088182872355899349e+02,6.474749521178791280e-05
4.089301291511412160e+02,-6.057023745624751343e-05
4.090419775079468536e+02,1.462040214457373858e-05
4.091538323031810478e+02,1.399381348126091699e-04
4.092656935340182258e+02,5.158913328167154689e-04
4.093775611976325308e+02,-6.057023745624751343e-05
4.094894352911982764e+02,-9.127308195988883752e-04
4.096013158118897195e+02,-2.610786097251042103e-04
4.097132027568811736e+02,-9.127308195988883752e-04
4.098250961233468388e+02,1.148745882790020752e-04
4.099369959084610855e+02,4.908277862831083877e-04
4.100489021093981137e+02,-6.370318077292104822e-04
4.101608147233321802e+02,-6.057023745624751343e-05
4.102727337474376554e+02,9.670351704216429301e-04
4.103846591788886826e+02,-8.563378398985460138e-05
4.104965910148596890e+02,4.407006932158941711e-04
4.106085292525248178e+02,5.910819724175367124e-04
4.107204738890583826e+02,-2.360150631914971020e-04
4.108324249216346971e+02,1.148745882790020752e-04
4.109443823474279611e+02,-3.362692493259254538e-04
4.110563461636124885e+02,-3.362692493259254538e-04
4.111683163673625927e+02,1.242734182291320823e-03
4.112802929558524738e+02,1.242734182291320823e-03
4.113922759262563886e+02,-1.238556924535780430e-03
4.115042652757487076e+02,5.660184258839296313e-04
4.116162610015036307e+02,-1.789954948275136433e-03
4.117282631006954716e+02,-8.375401799980671316e-04
4.118402715704984871e+02,1.794132206030676826e-03
4.119522864080869340e+02,-2.090717506678421191e-03
4.120643076106351259e+02,-4.866505285275679409e-04
4.121763351753172628e+02,-2.416543611615313680e-03
4.122883690993077153e+02,3.968394867818082484e-05
4.124004093797806831e+02,2.652558674806446029e-04
4.125124560139104233e+02,2.652558674806446029e-04
4.126245089988713062e+02,3.153829605478587652e-04
4.127365683318375318e+02,-8.375401799980671316e-04
4.128486340099833569e+02,-6.620953542628175634e-04
4.129607060304830952e+02,7.163997050855721183e-04
4.130727843905110035e+02,-8.124766334644600504e-04
4.131848690872413954e+02,3.905736001486800088e-04
4.132969601178484709e+02,4.407006932158941711e-04
4.134090574795065436e+02,2.652558674806446029e-04
4.135211611693898703e+02,-1.608244235906758585e-04
4.136332711846728216e+02,-1.539319482939065405e-03
4.137453875225294837e+02,1.468306101093784554e-03
4.138575101801342839e+02,-1.012985005733316700e-03
4.139696391546614223e+02,-1.138302738401352106e-03
4.140817744432852123e+02,9.419716238880358489e-04
4.141939160431799110e+02,-1.038048552266923781e-03
4.143060639515197749e+02,1.067289356556071255e-03
4.144182181654790611e+02,-1.106973305234616826e-04
4.145303786822321399e+02,-1.106973305234616826e-04
4.146425454989531545e+02,3.905736001486800088e-04
4.147547186128164753e+02,8.417174377536075242e-04
4.148668980209963593e+02,-8.563378398985460138e-05
4.149790837206670062e+02,-2.360150631914971020e-04
4.150912757090027867e+02,-4.615869819939608597e-04
4.152034739831779007e+02,1.462040214457373858e-05
4.153156785403666618e+02,7.414632516191791995e-04
4.154278893777433268e+02,2.401923209470374946e-04
4.155401064924822094e+02,-1.088175645334137943e-03
4.156523298817575096e+02,8.417174377536075242e-04
4.157645595427435410e+02,-1.238556924535780430e-03
4.158767954726145604e+02,-1.038048552266923781e-03
4.159890376685448814e+02,3.655100536150729276e-04
4.161012861277087609e+02,3.905736001486800088e-04
4.162135408472803988e+02,5.158913328167154689e-04
4.163258018244341656e+02,7.414632516191791995e-04
4.164380690563443181e+02,-2.610786097251042103e-04
4.165503425401851132e+02,-1.464128843338244161e-03
4.166626222731308076e+02,-2.610786097251042103e-04
4.167749082523556581e+02,-1.012985005733316700e-03
4.168872004750339784e+02,-9.377943661324954563e-04
4.169994989383400821e+02,-4.365234354603537785e-04
4.171118036394481692e+02,-1.063112098800530862e-03
4.172241145755324965e+02,7.915903446863933619e-04
4.173364317437674345e+02,-1.858879701242829397e-04
4.174487551413271262e+02,-7.874130869308529693e-04
4.175610847653859423e+02,-6.370318077292104822e-04
4.176734206131181395e+02,1.192607089224106661e-03
4.177857626816979746e+02,-1.238556924535780430e-03
4.178981109682997612e+02,-2.366416518548099084e-03
4.180104654700976994e+02,3.968394867818082484e-05
4.181228261842661027e+02,2.401923209470374946e-04
4.182351931079792280e+02,-7.623495403972458881e-04
4.183475662384113889e+02,7.665267981527862807e-04
4.184599455727367854e+02,4.908277862831083877e-04
4.185723311081297879e+02,3.905736001486800088e-04
4.186847228417645965e+02,-1.163366284934959187e-03
4.187971207708154679e+02,-1.088175645334137943e-03
4.189095248924567727e+02,-2.610786097251042103e-04
4.190219352038627108e+02,-5.367776215947821575e-04
4.191343517022075957e+02,-1.063112098800530862e-03
4.192467743846656276e+02,4.657642397495012523e-04
4.193592032484111201e+02,9.169080773544287678e-04
4.194716382906183867e+02,1.399381348126091699e-04
4.195840795084616275e+02,-9.377943661324954563e-04
4.196965268991151561e+02,1.267797728824927904e-03
4.198089804597532861e+02,-1.313747564136601674e-03
4.199214401875502176e+02,2.401923209470374946e-04
4.200339060796802642e+02,-9.377943661324954563e-04
4.201463781333176257e+02,-4.866505285275679409e-04
4.202588563456367297e+02,-2.015526867077599947e-03
4.203713407138117191e+02,2.652558674806446029e-04
4.204838312350168508e+02,-8.876672730652812940e-04
4.205963279064265521e+02,6.161455189511437936e-04
4.207088307252149662e+02,-2.416543611615313680e-03
4.208213396885563498e+02,-6.620953542628175634e-04
4.209338547936250166e+02,-6.620953542628175634e-04
4.210463760375952802e+02,-1.357608770570687773e-04
4.211589034176413975e+02,-1.357608770570687773e-04
4.212714369309376252e+02,1.142479996156892498e-03
4.213839765746581634e+02,-2.360150631914971020e-04
4.214965223459773824e+02,-6.370318077292104822e-04
4.216090742420695960e+02,-2.610786097251042103e-04
4.217216322601088905e+02,-1.608244235906758585e-04
4.218341963972697499e+02,-6.871589007964246446e-04
4.219467666507263175e+02,7.915903446863933619e-04
4.220593430176529637e+02,-1.113239191867745025e-03
4.221719254952238316e+02,-7.122224473300317257e-04
4.222845140806132918e+02,-2.190971692812849515e-03
4.223971087709956009e+02,8.918445308208216866e-04
4.225097095635449591e+02,3.968394867818082484e-05
4.226223164554357368e+02,9.169080773544287678e-04
4.227349294438421907e+02,-2.861421562587112915e-04
4.228475485259385778e+02,1.167543542690499580e-03
4.229601736988991547e+02,-1.012985005733316700e-03
4.230728049598982352e+02,-8.375401799980671316e-04
4.231854423061100192e+02,1.399381348126091699e-04
4.232980857347088204e+02,-6.620953542628175634e-04
4.234107352428689524e+02,-6.057023745624751343e-05
4.235233908277646151e+02,-4.615869819939608597e-04
4.236360524865701791e+02,-9.628579126661025375e-04
4.237487202164597875e+02,-2.109515166578900208e-04
4.238613940146078676e+02,-1.038048552266923781e-03
4.239740738781885057e+02,-2.360150631914971020e-04
4.240867598043761859e+02,-3.362692493259254538e-04
4.241994517903449946e+02,8.918445308208216866e-04
4.243121498332693022e+02,1.650016813462162511e-04
4.244248539303233656e+02,-4.365234354603537785e-04
4.245375640786814415e+02,5.660184258839296313e-04
4.246502802755178436e+02,-1.858879701242829397e-04
4.247630025180068287e+02,-1.689700762140708109e-03
4.248757308033225968e+02,1.042225810022464174e-03
4.249884651286395183e+02,-1.539319482939065405e-03
4.251012054911318501e+02,-1.439065296804637080e-03
4.252139518879738489e+02,-2.341352972014492002e-03
4.253267043163397148e+02,1.267797728824927904e-03
4.254394627734038750e+02,-1.338811110670208755e-03
4.255522272563404726e+02,-1.106973305234616826e-04
4.256649977623238215e+02,-6.370318077292104822e-04
4.257777742885282350e+02,2.069831217900354719e-03
4.258905568321279134e+02,-9.879214591997096187e-04
4.260033453902972269e+02,-5.618411681283892387e-04
4.261161399602103188e+02,-4.114598889267466974e-04
4.262289405390415595e+02,6.161455189511437936e-04
4.263417471239652059e+02,1.650016813462162511e-04
4.264545597121555147e+02,8.166538912200004430e-04
4.265673783007867428e+02,-1.514255936405458323e-03
4.266802028870331469e+02,-1.489192389871851242e-03
4.267930334680690976e+02,-9.879214591997096187e-04
4.269058700410688516e+02,7.163997050855721183e-04
4.270187126032065521e+02,-8.626037265316742128e-04
4.271315611516565696e+02,1.443242554560177473e-03
4.272444156835932176e+02,6.474749521178791280e-05
4.273572761961906963e+02,9.169080773544287678e-04
4.274701426866232623e+02,-1.163366284934959187e-03
4.275830151520652862e+02,-1.038048552266923781e-03
4.276958935896909679e+02,3.655100536150729276e-04
4.278087779966745643e+02,1.618687380295427258e-03
4.279216683701903889e+02,-1.163366284934959187e-03
4.280345647074126987e+02,1.317924821892142067e-03
4.281474670055157503e+02,9.169080773544287678e-04
4.282603752616738575e+02,1.292861275358534985e-03
4.283732894730612770e+02,-1.138302738401352106e-03
4.284862096368523225e+02,1.518433194160998716e-03
4.285991357502211940e+02,1.342988368425749148e-03
4.287120678103421483e+02,-7.372859938636388069e-04
4.288250058143895558e+02,-7.372859938636388069e-04
4.289379497595376165e+02,-3.863963423931396162e-04
4.290508996429606441e+02,-1.789954948275136433e-03
4.291638554618328385e+02,-1.357608770570687773e-04
4.292768172133285702e+02,7.414632516191791995e-04
4.293897848946220961e+02,1.142479996156892498e-03
4.295027585028876160e+02,4.407006932158941711e-04
4.296157380352994437e+02,-8.124766334644600504e-04
4.297287234890318928e+02,-3.550669092264043225e-05
4.298417148612591632e+02,3.968394867818082484e-05
4.299547121491556254e+02,-3.362692493259254538e-04
4.300677153498954226e+02,1.462040214457373858e-05
4.301807244606529252e+02,1.242734182291320823e-03
4.302937394786023901e+02,8.918445308208216866e-04
4.304067604009180741e+02,-1.789954948275136433e-03
4.305197872247742339e+02,-6.057023745624751343e-05
4.306328199473451832e+02,-8.563378398985460138e-05
4.307458585658051788e+02,1.462040214457373858e-05
4.308589030773284776e+02,-4.365234354603537785e-04
4.309719534790893931e+02,6.474749521178791280e-05
4.310850097682621254e+02,-1.288684017602994593e-03
4.311980719420209880e+02,-1.890209134409564758e-03
4.313111399975402946e+02,-3.613327958595325350e-04
4.314242139319943021e+02,9.419716238880358489e-04
4.315372937425572673e+02,-1.639573669073493946e-03
4.316503794264033900e+02,-1.858879701242829397e-04
4.317634709807070408e+02,-1.063112098800530862e-03
4.318765684026424765e+02,-8.626037265316742128e-04
4.319896716893839539e+02,-9.377943661324954563e-04
4.321027808381057866e+02,2.044767671366747638e-03
4.322158958459821747e+02,-2.109515166578900208e-04
4.323290167101874317e+02,-6.119682611956034010e-04
4.324421434278958714e+02,-1.614510122539886865e-03
4.325552759962816367e+02,7.665267981527862807e-04
4.326684144125191551e+02,-5.869047146619963198e-04
4.327815586737825697e+02,-7.372859938636388069e-04
4.328947087772462510e+02,3.968394867818082484e-05
4.330078647200844557e+02,3.655100536150729276e-04
4.331210264994714407e+02,5.409548793503225501e-04
4.332341941125814628e+02,3.655100536150729276e-04
4.333473675565887788e+02,-6.057023745624751343e-05
4.334605468286677024e+02,1.148745882790020752e-04
4.335737319259925471e+02,-6.057023745624751343e-05
4.336869228457375129e+02,-1.338811110670208755e-03
4.338001195850768568e+02,-5.869047146619963198e-04
4.339133221411848922e+02,-2.109515166578900208e-04
4.340265305112359329e+02,-1.764891401741529352e-03
4.341397446924041787e+02,-1.138302738401352106e-03
4.342529646818638867e+02,3.153829605478587652e-04
4.343661904767894271e+02,2.151287744134304134e-04
4.344794220743550568e+02,3.968394867818082484e-05
4.345926594717349190e+02,1.217670635757713742e-03
4.347059026661034409e+02,-7.122224473300317257e-04
4.348191516546348225e+02,1.900652278798233322e-04
4.349324064345033776e+02,-1.414001750271029999e-03
4.350456670028833059e+02,2.401923209470374946e-04
4.351589333569489781e+02,8.166538912200004430e-04
4.352722054938745941e+02,1.650016813462162511e-04
4.353854834108344107e+02,-3.362692493259254538e-04
4.354987671050027984e+02,-6.119682611956034010e-04
4.356120565735539003e+02,-4.114598889267466974e-04
4.357253518136620869e+02,-5.367776215947821575e-04
4.358386528225016718e+02,-3.550669092264043225e-05
4.359519595972467414e+02,-8.563378398985460138e-05
4.360652721350717798e+02,5.158913328167154689e-04
4.361785904331509300e+02,-1.238556924535780430e-03
4.362919144886585059e+02,1.718941566429855582e-03
4.364052442987688210e+02,-5.117140750611750763e-04
4.365185798606560184e+02,6.474749521178791280e-05
4.366319211714944686e+02,2.151287744134304134e-04
4.367452682284584853e+02,-9.377943661324954563e-04
4.368586210287222684e+02,5.409548793503225501e-04
4.369719795694601316e+02,6.412090654847508748e-04
4.370853438478462749e+02,1.744005112963462664e-03
4.371987138610551256e+02,-1.357608770570687773e-04
4.373120896062607699e+02,1.794132206030676826e-03
4.374254710806375783e+02,3.968394867818082484e-05
4.375388582813598077e+02,1.769068659497069745e-03
4.376522512056017717e+02,6.161455189511437936e-04
4.377656498505376703e+02,3.968394867818082484e-05
4.378790542133418171e+02,5.660184258839296313e-04
4.379924642911885257e+02,-5.869047146619963198e-04
4.381058800812519962e+02,3.404465070814658464e-04
4.382193015807065422e+02,3.905736001486800088e-04
4.383327287867263635e+02,5.910819724175367124e-04
4.384461616964858877e+02,5.660184258839296313e-04
4.385596003071592008e+02,1.148745882790020752e-04
4.386730446159207304e+02,-6.370318077292104822e-04
4.387864946199446763e+02,1.900652278798233322e-04
4.388999503164053522e+02,-1.138302738401352106e-03
4.390134117024769580e+02,-1.789954948275136433e-03
4.391268787753338074e+02,-8.124766334644600504e-04
4.392403515321502141e+02,-6.871589007964246446e-04
4.393538299701003780e+02,9.920987169552500113e-04
4.394673140863586696e+02,2.652558674806446029e-04
4.395808038780992320e+02,-4.114598889267466974e-04
4.396942993424964925e+02,-2.861421562587112915e-04
4.398078004767245375e+02,3.905736001486800088e-04
4.399213072779577942e+02,-1.388938203737422918e-03
4.400348197433705195e+02,-2.360150631914971020e-04
4.401483378701369134e+02,-1.639573669073493946e-03
4.402618616554312894e+02,7.665267981527862807e-04
4.403753910964279044e+02,1.462040214457373858e-05
4.404889261903010720e+02,1.618687380295427258e-03
4.406024669342249922e+02,-1.357608770570687773e-04
4.407160133253739787e+02,-4.114598889267466974e-04
4.408295653609224019e+02,-6.057023745624751343e-05
4.409431230380443480e+02,-1.063112098800530862e-03
4.410566863539141877e+02,4.908277862831083877e-04
4.411702553057062346e+02,-2.109515166578900208e-04
4.412838298905946885e+02,-1.539319482939065405e-03
4.413974101057539201e+02,-5.367776215947821575e-04
4.415109959483580724e+02,-2.109515166578900208e-04
4.416245874155814590e+02,1.794132206030676826e-03
4.417381845045983937e+02,1.468306101093784554e-03
4.418517872125831900e+02,1.117416449623285417e-03
4.419653955367099911e+02,-6.057023745624751343e-05
4.420790094741531675e+02,-1.564383029472672486e-03
4.421926290220869191e+02,-7.623495403972458881e-04
4.423062541776856165e+02,-8.375401799980671316e-04
4.424198849381234595e+02,6.412090654847508748e-04
4.425335213005747619e+02,8.667809842872146054e-04
4.426471632622137236e+02,3.655100536150729276e-04
4.427608108202147150e+02,-6.119682611956034010e-04
4.428744639717519931e+02,7.665267981527862807e-04
4.429881227139997577e+02,6.474749521178791280e-05
4.431017870441323225e+02,4.657642397495012523e-04
4.432154569593240012e+02,-3.112057027923183727e-04
4.433291324567489937e+02,1.042225810022464174e-03
4.434428135335816137e+02,-2.861421562587112915e-04
4.435565001869961179e+02,-3.863963423931396162e-04
4.436701924141668769e+02,-6.370318077292104822e-04
4.437838902122679769e+02,5.409548793503225501e-04
4.438975935784738454e+02,-6.370318077292104822e-04
4.440113025099586821e+02,6.161455189511437936e-04
4.441250170038968008e+02,8.918445308208216866e-04
4.442387370574624583e+02,1.900652278798233322e-04
4.443524626678299114e+02,-7.372859938636388069e-04
4.444661938321734169e+02,1.368051914959356229e-03
4.445799305476673453e+02,-2.861421562587112915e-04
4.446936728114858397e+02,1.148745882790020752e-04
4.448074206208032706e+02,-4.615869819939608597e-04
4.449211739727938948e+02,2.401923209470374946e-04
4.450349328646319123e+02,-1.038048552266923781e-03
4.451486972934916366e+02,-2.861421562587112915e-04
4.452624672565473816e+02,4.657642397495012523e-04
4.453762427509734039e+02,8.918445308208216866e-04
4.454900237739439604e+02,-3.863963423931396162e-04
4.456038103226333646e+02,8.667809842872146054e-04
4.457176023942157599e+02,-1.539319482939065405e-03
4.458313999858655734e+02,1.167543542690499580e-03
4.459452030947570620e+02,1.518433194160998716e-03
4.460590117180643688e+02,-3.362692493259254538e-04
4.461728258529618643e+02,-1.088175645334137943e-03
4.462866454966238621e+02,2.495911508971675099e-03
4.464004706462245622e+02,7.665267981527862807e-04
4.465143012989382783e+02,6.913361585519650371e-04
4.466281374519392102e+02,1.819195752564283907e-03
4.467419791024017286e+02,2.069831217900354719e-03
4.468558262475000333e+02,-2.861421562587112915e-04
4.469696788844084381e+02,4.801757790063527001e-03
4.470835370103011996e+02,3.623771102983993752e-03
4.471974006223525748e+02,6.531142500882415602e-03
4.473112697177368773e+02,6.882032152352914739e-03
4.474251442936283638e+02,9.538768084915265344e-03
4.475390243472013481e+02,1.076688186506201232e-02
4.476529098756300300e+02,1.530338378764489575e-02
4.477668008760886664e+02,1.856164483701381804e-02
4.478806973457516278e+02,2.377486251600409092e-02
4.479945992817931142e+02,2.733388612377629645e-02
4.481085066813874391e+02,3.104329101075014447e-02
4.482224195417088026e+02,3.477775944425760130e-02
4.483363378599315752e+02,4.164517119446593807e-02
4.484502616332299567e+02,4.164517119446593807e-02
4.485641908587782609e+02,4.367531846368811338e-02
4.486781255337508014e+02,4.733459625759475070e-02
4.487920656553217214e+02,4.768548590906524637e-02
4.489060112206653912e+02,4.803637556053574897e-02
4.490199622269561246e+02,5.089361986536695276e-02
4.491339186713680647e+02,5.094374695843417039e-02
4.492478805510755819e+02,5.269819521578666260e-02
4.493618478632529332e+02,5.134476370297188369e-02
4.494758206050743183e+02,5.157033562177434916e-02
4.495897987737141648e+02,5.031715829509399163e-02
4.497037823663465588e+02,5.026703120202678093e-02
4.498177713801459277e+02,4.866296422387592774e-02
4.499317658122864714e+02,5.365060998406373516e-02
4.500457656599424467e+02,5.056779376043006591e-02
4.501597709202882243e+02,5.084349277229974207e-02
4.502737815904979470e+02,5.101893759803498990e-02
4.503877976677459856e+02,5.337491097219405900e-02
4.505018191492065398e+02,4.923942579414888887e-02
4.506158460320539234e+02,5.352529225139569802e-02
4.507298783134623932e+02,5.417694446126948560e-02
4.508439159906062628e+02,5.470327893847522910e-02
4.509579590606597890e+02,5.460302475234080077e-02
4.510720075207972286e+02,5.470327893847522910e-02
4.511860613681928385e+02,5.490378731074408575e-02
4.513001206000209322e+02,5.289870358805551925e-02
4.514141852134557666e+02,5.339997451872766088e-02
4.515282552056715986e+02,5.259794102965223428e-02
4.516423305738426848e+02,5.294883068112273689e-02
4.517564113151433958e+02,5.287364004152191738e-02
4.518704974267478747e+02,5.342503806526126969e-02
4.519845889058304920e+02,5.495391440381130338e-02
4.520986857495654476e+02,5.397643608900062895e-02
4.522127879551271121e+02,5.537999469488262549e-02
4.523268955196896286e+02,5.169565335444237936e-02
4.524410084404273675e+02,5.284857649498830856e-02
4.525551267145145857e+02,5.357541934446291565e-02
4.526692503391255400e+02,5.460302475234080077e-02
4.527833793114344871e+02,5.029209474856038281e-02
4.528975136286157408e+02,5.192122527324484482e-02
4.530116532878435578e+02,5.440251638007194412e-02
4.531257982862921949e+02,5.437745283353834225e-02
4.532399486211359658e+02,5.570582079981951235e-02
4.533541042895490705e+02,5.560556661368508402e-02
4.534682652887058794e+02,5.442757992660555294e-02
4.535824316157805924e+02,5.385111835633259181e-02
4.536966032679474665e+02,5.380099126326537418e-02
4.538107802423808153e+02,5.370073707713094585e-02
4.539249625362549523e+02,5.129463660990466606e-02
4.540391501467440776e+02,5.254781393658502359e-02
4.541533430710225048e+02,5.360048289099651753e-02
4.542675413062644907e+02,5.540505824141622737e-02
4.543817448496443490e+02,5.638253655622690874e-02
4.544959536983362796e+02,5.487872376421048387e-02
4.546101678495145961e+02,5.289870358805551925e-02
4.547243873003535555e+02,5.392630899593341132e-02
4.548386120480274712e+02,5.517948632261376885e-02
4.549528420897105434e+02,5.435238928700473343e-02
4.550670774225770856e+02,5.906433603532286469e-02
4.551813180438014115e+02,5.317440259992520235e-02
4.552955639505577778e+02,5.217186073858091910e-02
4.554098151400204415e+02,5.307414841379077403e-02
4.555240716093636024e+02,5.553037597408426451e-02
4.556383333557616879e+02,5.069311149309809611e-02
4.557526003763888411e+02,5.066804794656449423e-02
4.558668726684193189e+02,5.244755975045059526e-02
4.559811502290275484e+02,5.039234893469481114e-02
4.560954330553876730e+02,5.091868341190056158e-02
4.562097211446740062e+02,5.014171346935874379e-02
4.563240144940608616e+02,5.187109818017763413e-02
4.564383131007223824e+02,4.976576027135463931e-02
4.565526169618329959e+02,4.913917160801446055e-02
4.566669260745668453e+02,4.843739230507346227e-02
4.567812404360983010e+02,5.139489079603909438e-02
4.568955600436016198e+02,4.735965980412835952e-02
4.570098848942510585e+02,5.039234893469481114e-02
4.571242149852208740e+02,4.771054945559885518e-02
4.572385503136853231e+02,4.715915143185950287e-02
4.573528908768187193e+02,4.756016817639721617e-02
4.574672366717953196e+02,4.668294404772096312e-02
4.575815876957893806e+02,4.563027509330946918e-02
4.576959439459752730e+02,4.515406770917093637e-02
4.578103054195271397e+02,4.763535881599803568e-02
4.579246721136192946e+02,4.673307114078818075e-02
4.580390440254260511e+02,4.705889724572507454e-02
4.581534211521216093e+02,4.653256276851932410e-02
4.582678034908803397e+02,4.177048892713397521e-02
4.583821910388764422e+02,4.217150567167168851e-02
4.584965837932842305e+02,4.495355933690207972e-02
4.586109817512779046e+02,4.327430171915040008e-02
4.587253849100318348e+02,4.119402735686101408e-02
4.588397932667202781e+02,4.294847561421350629e-02
4.589542068185174344e+02,4.344974654488564791e-02
4.590686255625976173e+02,4.222163276473890614e-02
4.591830494961351405e+02,4.044212096085279817e-02
4.592974786163042040e+02,4.116896381032740526e-02
4.594119129202791214e+02,3.996591357671426537e-02
4.595263524052342063e+02,4.287328497461268678e-02
4.596407970683436019e+02,3.846210078469784049e-02
4.597552469067817356e+02,4.187074311326840353e-02
4.598697019177228071e+02,3.941451555297491305e-02
4.599841620983410735e+02,3.831171950549620148e-02
4.600986274458108483e+02,3.781044857482405985e-02
4.602130979573063314e+02,3.848716433123144931e-02
4.603275736300018934e+02,3.836184659856341217e-02
4.604420544610717911e+02,3.958996037871016088e-02
4.605565404476902245e+02,3.891324462230277142e-02
4.606710315870315071e+02,3.841197369163062980e-02
4.607855278762699527e+02,3.821146531936177315e-02
4.609000293125797612e+02,3.823652886589537503e-02
4.610145358931352462e+02,3.821146531936177315e-02
4.611290476151107214e+02,3.740943183028634655e-02
4.612435644756803867e+02,3.537928456106417124e-02
4.613580864720184991e+02,3.655727124814370232e-02
4.614726136012994289e+02,3.673271607387895016e-02
4.615871458606973761e+02,3.625650868974041735e-02
4.617016832473866543e+02,3.635676287587484568e-02
4.618162257585414636e+02,3.690816089961420493e-02
4.619307733913362313e+02,3.568004711946745622e-02
4.620453261429450436e+02,3.415117078091742253e-02
4.621598840105423278e+02,3.490307717692563844e-02
4.622744469913021703e+02,3.467750525812317297e-02
4.623890150823990552e+02,3.635676287587484568e-02
4.625035882810071826e+02,3.547953874719859957e-02
4.626181665843007522e+02,3.322381955917395879e-02
4.627327499894540779e+02,3.274761217503542599e-02
4.628473384936414732e+02,3.106835455728374981e-02
4.629619320940371949e+02,3.184532449982557106e-02
4.630765307878154999e+02,3.156962548795589490e-02
4.631911345721506450e+02,3.294812054730428263e-02
4.633057434442169438e+02,3.021619397514110905e-02
4.634203574011886531e+02,3.304837473343871096e-02
4.635349764402400297e+02,3.294812054730428263e-02
4.636496005585453304e+02,3.031644816127553738e-02
4.637642297532788689e+02,3.089290973154850198e-02
4.638788640216149588e+02,3.189545159289278869e-02
4.639935033607278001e+02,3.109341810381735863e-02
4.641081477677916496e+02,3.084278263848128782e-02
4.642227972399808209e+02,2.951441467220011078e-02
4.643374517744696277e+02,2.838655507818779386e-02
4.644521113684322700e+02,2.833642798512057970e-02
4.645667760190430045e+02,2.898808019499436381e-02
4.646814457234762585e+02,2.705818711190661682e-02
4.647961204789061185e+02,2.881263536925911251e-02
4.649108002825068979e+02,2.660704327430168936e-02
4.650254851314530242e+02,2.811085606631811423e-02
4.651401750229185268e+02,2.796047478711647175e-02
4.652548699540778898e+02,2.811085606631811423e-02
4.653695699221052564e+02,2.821111025245254256e-02
4.654842749241749971e+02,2.643159844856644153e-02
4.655989849574612549e+02,2.630628071589840439e-02
4.657137000191384004e+02,2.545412013375576363e-02
4.658284201063807473e+02,2.500297629615083617e-02
4.659431452163624954e+02,2.708325065844022564e-02
4.660578753462579016e+02,2.490272211001640784e-02
4.661726104932412227e+02,2.430119699320983789e-02
4.662873506544868292e+02,2.417587926054180422e-02
4.664020958271689778e+02,2.367460832986966260e-02
4.665168460084618118e+02,2.577994623869265742e-02
4.666316011955397585e+02,2.502803984268444498e-02
4.667463613855770177e+02,2.452676891201230336e-02
4.668611265757479032e+02,2.425106990014262373e-02
4.669758967632266149e+02,2.287257484079423600e-02
4.670906719451874665e+02,2.166952460718109610e-02
4.672054521188047715e+02,2.171965170024831027e-02
4.673202372812527301e+02,2.207054135171880940e-02
4.674350274297056558e+02,2.282244774772702184e-02
4.675498225613378622e+02,2.289763838732784135e-02
4.676646226733235494e+02,2.069204629237041820e-02
4.677794277628370310e+02,2.106799949037452616e-02
4.678942378270525637e+02,2.247155809625652270e-02
4.680090528631444045e+02,2.144395268837863064e-02
4.681238728682868668e+02,2.056672855970238453e-02
4.682386978396542077e+02,2.262193937545816519e-02
4.683535277744206837e+02,1.821075518554331543e-02
4.684683626697606087e+02,1.963937733795892079e-02
4.685832025228481825e+02,2.051660146663517037e-02
4.686980473308577189e+02,2.001533053596302875e-02
4.688128970909635314e+02,1.989001280329499161e-02
4.689277518003398200e+02,2.111812658344174032e-02
4.690426114561608983e+02,1.738365814993428349e-02
4.691574760556010801e+02,1.908797931421956501e-02
4.692723455958346221e+02,1.695757785886296137e-02
4.693872200740356675e+02,1.981482216369417210e-02
4.695020994873786435e+02,1.878721675581628003e-02
4.696169838330378070e+02,1.866189902314824636e-02
4.697318731081873011e+02,1.580465471831703564e-02
4.698467673100015531e+02,1.848645419741299506e-02
4.699616664356547631e+02,1.818569163900971009e-02
4.700765704823212445e+02,1.755910297566953132e-02
4.701914794471751975e+02,1.465173157777111164e-02
4.703063933273909925e+02,1.480211285697275413e-02
4.704213121201427725e+02,1.675706948659410472e-02
4.705362358226049082e+02,1.650643402125803391e-02
4.706511644319517131e+02,1.430084192630061250e-02
4.707660979453573304e+02,1.698264140539657019e-02
4.708810363599961875e+02,1.357399907682600715e-02
4.709959796730423705e+02,1.517806605497686034e-02
4.711109278816703068e+02,1.560414634604818072e-02
4.712258809830541963e+02,1.490236704310718245e-02
4.713408389743683529e+02,1.387476163522929212e-02
4.714558018527870331e+02,1.557908279951457364e-02
4.715707696154844939e+02,1.595503599751867813e-02
4.716857422596350489e+02,1.374944390256125672e-02
4.718007197824128980e+02,1.327323651842272217e-02
4.719157021809923549e+02,1.470185867083832580e-02
4.720306894525477333e+02,1.422565128669979126e-02
4.721456815942532330e+02,1.349880843722518590e-02
4.722606786032831678e+02,1.400007936789732753e-02
4.723756804768119082e+02,1.387476163522929212e-02
4.724906872120134835e+02,1.289728332041861596e-02
4.726056988060623780e+02,1.490236704310718245e-02
4.727207152561327916e+02,1.189474145907433097e-02
4.728357365593989812e+02,1.420058774016618418e-02
4.729507627130352603e+02,1.377450744909486380e-02
4.730657937142158858e+02,1.121802570266693978e-02
4.731808295601150576e+02,1.297247396001943720e-02
4.732958702479072599e+02,1.154385180760383184e-02
4.734109157747665222e+02,1.134334343533497519e-02
4.735259661378672149e+02,1.249626657588090266e-02
4.736410213343835949e+02,1.437603256590143375e-02
4.737560813614900326e+02,1.114283506306611854e-02
4.738711462163606711e+02,1.186967791254072389e-02
4.739862158961698810e+02,1.287221977388500888e-02
4.741012903980918622e+02,1.169423308680547433e-02
4.742163697193009284e+02,9.914721282919371562e-03
4.743314538569712795e+02,1.249626657588090266e-02
4.744465428082773428e+02,9.989911922520192805e-03
4.745616365703932615e+02,9.964848375986585724e-03
4.746767351404932924e+02,1.064156413239397692e-02
4.747918385157518060e+02,1.044105576012512027e-02
4.749069466933430590e+02,9.263069073045587451e-03
4.750220596704412515e+02,1.034080157399069194e-02
4.751371774442206970e+02,1.004003901558740697e-02
4.752523000118557093e+02,1.104258087693169021e-02
4.753674273705205451e+02,1.046611930665872735e-02
4.754825595173894044e+02,1.049118285319233443e-02
4.755976964496366008e+02,1.029067448092347778e-02
4.757128381644364481e+02,8.811925235440659990e-03
4.758279846589632029e+02,8.786861688907052909e-03
4.759431359303911222e+02,9.288132619579194532e-03
4.760582919758944627e+02,1.059143703932676275e-02
4.761734527926475380e+02,8.636480409705410421e-03
4.762886183778246050e+02,1.036586512052429902e-02
4.764037887285999204e+02,9.964848375986585724e-03
4.765189638421477412e+02,8.235463665167697123e-03
4.766341437156423808e+02,9.288132619579194532e-03
4.767493283462581530e+02,9.388386805713622857e-03
4.768645177311692578e+02,8.887115875041481233e-03
4.769797118675498950e+02,7.834446920629983824e-03
4.770949107525745490e+02,8.360781397835732529e-03
4.772101143834173058e+02,7.408366629558663444e-03
4.773253227572525361e+02,8.686607502772624584e-03
4.774405358712544967e+02,5.779236104874203167e-03
4.775557537225974443e+02,5.578727732605346518e-03
4.776709763084556357e+02,7.934701106764412148e-03
4.777862036260033847e+02,7.533684362226698850e-03
4.779014356724148911e+02,6.731650873151272252e-03
4.780166724448645255e+02,6.656460233550451008e-03
4.781319139405265446e+02,6.932159245420128901e-03
4.782471601565751484e+02,9.588895177982479506e-03
4.783624110901846507e+02,6.882032152352914739e-03
4.784776667385293649e+02,7.834446920629983824e-03
4.785929270987834911e+02,7.082540524621771388e-03
4.787081921681213430e+02,7.433430176092270525e-03
4.788234619437172341e+02,5.804299651407810248e-03
4.789387364227453645e+02,7.433430176092270525e-03
4.790540156023799909e+02,8.486099130503767934e-03
4.791692994797954839e+02,6.631396687016843927e-03
4.792845880521660433e+02,4.776694243529919920e-03
4.793998813166659829e+02,5.804299651407810248e-03
4.795151792704695026e+02,5.678981918739774842e-03
4.796304819107509729e+02,6.556206047416022684e-03
4.797457892346846506e+02,7.759256281029162580e-03
4.798611012394447357e+02,6.255443489012737709e-03
4.799764179222055418e+02,5.252901627668454462e-03
4.800917392801413826e+02,4.776694243529919920e-03
4.802070653104264579e+02,5.804299651407810248e-03
4.803223960102350816e+02,6.455951861281594359e-03
4.804377313767415671e+02,4.851884883130741163e-03
4.805530714071200578e+02,6.054935116743881060e-03
4.806684160985449807e+02,4.526058778193849108e-03
4.807837654481904792e+02,4.526058778193849108e-03
4.808991194532309237e+02,6.079998663277488141e-03
4.810144781108405709e+02,4.927075522731562407e-03
4.811298414181936778e+02,5.303028720735668625e-03
4.812452093724645010e+02,3.548580463383172508e-03
4.813605819708272975e+02,6.455951861281594359e-03
4.814759592104563808e+02,5.077456801933204894e-03
4.815913410885260646e+02,4.500995231660242027e-03
4.817067276022104920e+02,5.152647441534026138e-03
4.818221187486840336e+02,4.125042033656135809e-03
4.819375145251209460e+02,5.954680930609452735e-03
4.820529149286954862e+02,4.425804592059420783e-03
4.821683199565819677e+02,3.398199184181530021e-03
4.822837296059545906e+02,4.350613952458599540e-03
4.823991438739877822e+02,5.152647441534026138e-03
4.825145627578556287e+02,3.974660754454493322e-03
4.826299862547324437e+02,4.275423312857778296e-03
4.827454143617925411e+02,2.696419881240531748e-03
4.828608470762102343e+02,3.598707556450386671e-03
4.829762843951597233e+02,5.528600639538132355e-03
4.830917263158153219e+02,5.729109011806989005e-03
4.832071728353513436e+02,4.851884883130741163e-03
4.833226239509419315e+02,5.453409999937311112e-03
4.834380796597614562e+02,4.851884883130741163e-03
4.835535399589841745e+02,5.328092267269275706e-03
4.836690048457843432e+02,4.576185871261063270e-03
4.837844743173362758e+02,4.325550405924992459e-03
4.838999483708141724e+02,5.252901627668454462e-03
4.840154270033924035e+02,5.077456801933204894e-03
4.841309102122452259e+02,5.478473546470918193e-03
4.842463979945467827e+02,4.751630696996312839e-03
4.843618903474714443e+02,2.721483427774138830e-03
4.844773872681935245e+02,4.475931685126634946e-03
4.845928887538872232e+02,3.874406568320064564e-03
4.847083948017268540e+02,4.952139069265169488e-03
4.848239054088866737e+02,4.250359766324171215e-03
4.849394205725409392e+02,5.277965174202061543e-03
4.850549402898640210e+02,3.373135637647922940e-03
4.851704645580300621e+02,3.022245986177423804e-03
4.852859933742133762e+02,2.119958310967568881e-03
4.854015267355882202e+02,5.328092267269275706e-03
4.855170646393289644e+02,2.596165695106103424e-03
4.856326070826097521e+02,4.049851394055314566e-03
4.857481540626049537e+02,5.027329708865990732e-03
4.858637055764887691e+02,4.375677498992206621e-03
4.859792616214355121e+02,3.548580463383172508e-03
4.860948221946194963e+02,3.824279475252850401e-03
4.862103872932149216e+02,3.523516916849565427e-03
4.863259569143961016e+02,2.646292788173317586e-03
4.864415310553373502e+02,2.245276043635604287e-03
4.865571097132127534e+02,2.320466683236425531e-03
4.866726928851968523e+02,8.918445308208216866e-04
4.867882805684636764e+02,1.969577031765926394e-03
4.869038727601877099e+02,-4.365234354603537785e-04
4.870194694575430390e+02,1.042225810022464174e-03
4.871350706577040341e+02,-9.628579126661025375e-04
4.872506763578450091e+02,1.092352903089678336e-03
4.873662865551401637e+02,-7.623495403972458881e-04
4.874819012467637549e+02,1.650016813462162511e-04
4.875975204298900962e+02,1.067289356556071255e-03
4.877131441016935014e+02,2.151287744134304134e-04
4.878287722593481703e+02,-1.106973305234616826e-04
4.879444049000284167e+02,9.920987169552500113e-04
4.880600420209084405e+02,-1.764891401741529352e-03
4.881756836191626689e+02,1.650016813462162511e-04
4.882913296919651884e+02,-7.372859938636388069e-04
4.884069802364904263e+02,1.217670635757713742e-03
4.885226352499125824e+02,1.399381348126091699e-04
4.886382947294059704e+02,2.652558674806446029e-04
4.887539586721447904e+02,-3.112057027923183727e-04
4.888696270753033559e+02,-1.940336227476778920e-03
4.889852999360559807e+02,-6.871589007964246446e-04
4.891009772515768645e+02,-1.357608770570687773e-04
4.892166590190403213e+02,-7.623495403972458881e-04
4.893323452356206644e+02,1.650016813462162511e-04
4.894480358984920940e+02,-3.112057027923183727e-04
4.895637310048288668e+02,-9.377943661324954563e-04
4.896794305518053534e+02,-2.861421562587112915e-04
4.897951345365957536e+02,6.161455189511437936e-04
4.899108429563743812e+02,-8.626037265316742128e-04
4.900265558083154360e+02,-1.714764308674315190e-03
4.901422730895932887e+02,-1.439065296804637080e-03
4.902579947973821390e+02,7.915903446863933619e-04
4.903737209288563577e+02,6.161455189511437936e-04
4.904894514811900876e+02,5.660184258839296313e-04
4.906051864515576426e+02,-1.338811110670208755e-03
4.907209258371333362e+02,-5.869047146619963198e-04
4.908366696350914253e+02,-2.742369716552205735e-03
4.909524178426062235e+02,-1.539319482939065405e-03
4.910681704568519308e+02,-8.876672730652812940e-04
4.911839274750028608e+02,6.412090654847508748e-04
4.912996888942332134e+02,-1.213493378002173349e-03
4.914154547117173593e+02,6.662726120183579560e-04
4.915312249246295551e+02,-1.990463320543992866e-03
4.916469995301440576e+02,-6.620953542628175634e-04
4.917627785254350670e+02,-6.057023745624751343e-05
4.918785619076769535e+02,-3.863963423931396162e-04
4.919943496740439741e+02,2.652558674806446029e-04
4.921101418217103856e+02,5.660184258839296313e-04
4.922259383478505015e+02,-1.840082041342350596e-03
4.923417392496385219e+02,1.650016813462162511e-04
4.924575445242487604e+02,-6.370318077292104822e-04
4.925733541688554737e+02,-6.620953542628175634e-04
4.926891681806329188e+02,-4.866505285275679409e-04
4.928049865567554662e+02,-3.613327958595325350e-04
4.929208092943972588e+02,-4.866505285275679409e-04
4.930366363907327241e+02,-6.871589007964246446e-04
4.931524678429359483e+02,-1.940336227476778920e-03
4.932683036481813588e+02,6.474749521178791280e-05
4.933841438036430986e+02,-1.858879701242829397e-04
4.934999883064955384e+02,-1.163366284934959187e-03
4.936158371539129348e+02,1.543496740694605797e-03
4.937316903430695447e+02,-2.610786097251042103e-04
4.938475478711396818e+02,-9.628579126661025375e-04
4.939634097352975459e+02,1.650016813462162511e-04
4.940792759327173940e+02,-1.138302738401352106e-03
4.941951464605735964e+02,-4.114598889267466974e-04
4.943110213160404101e+02,7.665267981527862807e-04
4.944269004962920917e+02,1.900652278798233322e-04
4.945427839985028413e+02,2.401923209470374946e-04
4.946586718198469725e+02,9.169080773544287678e-04
4.947745639574988559e+02,3.404465070814658464e-04
4.948904604086326344e+02,-6.370318077292104822e-04
4.950063611704226787e+02,-2.140844599745635353e-03
4.951222662400431318e+02,5.409548793503225501e-04
4.952381756146684211e+02,-1.038048552266923781e-03
4.953540892914727465e+02,-2.360150631914971020e-04
4.954700072676304217e+02,2.652558674806446029e-04
4.955859295403155897e+02,-1.564383029472672486e-03
4.957018561067026781e+02,-5.869047146619963198e-04
4.958177869639658866e+02,5.409548793503225501e-04
4.959337221092795289e+02,-1.338811110670208755e-03
4.960496615398177482e+02,2.903194140142516841e-04
4.961656052527549718e+02,-7.874130869308529693e-04
4.962815532452655134e+02,-2.867687449220241141e-03
4.963975055145234592e+02,6.474749521178791280e-05
4.965134620577031797e+02,1.067289356556071255e-03
4.966294228719789317e+02,-2.360150631914971020e-04
4.967453879545250288e+02,6.474749521178791280e-05
4.968613573025156711e+02,5.158913328167154689e-04
4.969773309131252290e+02,-3.550669092264043225e-05
4.970933087835279593e+02,-1.044314438903334599e-05
4.972092909108980052e+02,-7.122224473300317257e-04
4.973252772924097940e+02,-1.138302738401352106e-03
4.974412679252375256e+02,-5.367776215947821575e-04
4.975572628065554568e+02,-5.618411681283892387e-04
4.976732619335379013e+02,-4.114598889267466974e-04
4.977892653033591159e+02,9.920987169552500113e-04
4.979052729131933575e+02,-3.112057027923183727e-04
4.980212847602149964e+02,-6.370318077292104822e-04
4.981373008415981758e+02,-1.439065296804637080e-03
4.982533211545171525e+02,-1.044314438903334599e-05
4.983693456961464108e+02,-4.365234354603537785e-04
4.984853744636599799e+02,-1.338811110670208755e-03
4.986014074542322874e+02,1.568560287228212878e-03
4.987174446650375330e+02,5.158913328167154689e-04
4.988334860932499737e+02,2.652558674806446029e-04
4.989495317360439230e+02,4.657642397495012523e-04
4.990655815905936947e+02,-1.639573669073493946e-03
4.991816356540734887e+02,-5.367776215947821575e-04
4.992976939236576754e+02,-8.876672730652812940e-04
4.994137563965203412e+02,-1.044314438903334599e-05
4.995298230698359703e+02,1.117416449623285417e-03
4.996458939407787057e+02,2.151287744134304134e-04
4.997619690065228042e+02,1.399381348126091699e-04
4.998780482642426932e+02,-1.714764308674315190e-03
4.999941317111124590e+02,5.409548793503225501e-04
5.001102193443065289e+02,1.399381348126091699e-04
5.002263111609990460e+02,9.670351704216429301e-04
5.003424071583643808e+02,-1.840082041342350596e-03
5.004585073335767333e+02,-1.338811110670208755e-03
5.005746116838104172e+02,9.920987169552500113e-04
5.006907202062397459e+02,3.905736001486800088e-04
5.008068328980389197e+02,-2.610786097251042103e-04
5.009229497563821951e+02,-2.090717506678421191e-03
5.010390707784439428e+02,-9.879214591997096187e-04
5.011551959613983627e+02,8.918445308208216866e-04
5.012713253024197684e+02,-1.614510122539886865e-03
5.013874587986824167e+02,-3.613327958595325350e-04
5.015035964473605645e+02,-6.620953542628175634e-04
5.016197382456284686e+02,4.156371466822870900e-04
5.017358841906604994e+02,8.981104174539499398e-05
5.018520342796308000e+02,4.908277862831083877e-04
5.019681885097137410e+02,-1.106973305234616826e-04
5.020843468780834655e+02,-1.238556924535780430e-03
5.022005093819144577e+02,-6.620953542628175634e-04
5.023166760183808037e+02,-4.615869819939608597e-04
5.024328467846568742e+02,2.652558674806446029e-04
5.025490216779169259e+02,-3.863963423931396162e-04
5.026652006953352156e+02,-5.618411681283892387e-04
5.027813838340859434e+02,4.908277862831083877e-04
5.028975710913435364e+02,-1.044314438903334599e-05
5.030137624642821947e+02,-2.391480065081706165e-03
5.031299579500761183e+02,-2.109515166578900208e-04
5.032461575458996776e+02,-8.563378398985460138e-05
5.033623612489271864e+02,-1.106973305234616826e-04
5.034785690563327307e+02,-6.620953542628175634e-04
5.035947809652907949e+02,-1.106973305234616826e-04
5.037109969729755221e+02,-4.114598889267466974e-04
5.038272170765612259e+02,-1.357608770570687773e-04
5.039434412732221631e+02,-7.623495403972458881e-04
5.040596695601326473e+02,-3.863963423931396162e-04
5.041759019344668786e+02,3.968394867818082484e-05
5.042921383933992274e+02,-1.564383029472672486e-03
5.044083789341038937e+02,8.918445308208216866e-04
5.045246235537551343e+02,-1.238556924535780430e-03
5.046408722495273196e+02,-1.439065296804637080e-03
5.047571250185945928e+02,-1.106973305234616826e-04
5.048733818581313244e+02,-7.874130869308529693e-04
5.049896427653117144e+02,1.192607089224106661e-03
5.051059077373101900e+02,6.161455189511437936e-04
5.052221767713008376e+02,-1.357608770570687773e-04
5.053384498644580276e+02,-3.362692493259254538e-04
5.054547270139560169e+02,1.217670635757713742e-03
5.055710082169690622e+02,3.655100536150729276e-04
5.056872934706714204e+02,1.650016813462162511e-04
5.058035827722374052e+02,2.652558674806446029e-04
5.059198761188413300e+02,1.650016813462162511e-04
5.060361735076573382e+02,-1.357608770570687773e-04
5.061524749358598001e+02,-5.869047146619963198e-04
5.062687804006229726e+02,1.462040214457373858e-05
5.063850898991211693e+02,-6.871589007964246446e-04
5.065014034285285334e+02,-3.613327958595325350e-04
5.066177209860195489e+02,1.399381348126091699e-04
5.067340425687682455e+02,-2.610786097251042103e-04
5.068503681739490503e+02,-1.338811110670208755e-03
5.069666977987362202e+02,-2.861421562587112915e-04
5.070830314403040120e+02,1.900652278798233322e-04
5.071993690958266825e+02,-1.113239191867745025e-03
5.073157107624784885e+02,9.920987169552500113e-04
5.074320564374337437e+02,-8.626037265316742128e-04
5.075484061178667048e+02,1.267797728824927904e-03
5.076647598009516287e+02,6.474749521178791280e-05
5.077811174838628290e+02,1.167543542690499580e-03
5.078974791637746193e+02,-1.789954948275136433e-03
5.080138448378611429e+02,2.903194140142516841e-04
5.081302145032967701e+02,-5.869047146619963198e-04
5.082465881572557009e+02,-7.122224473300317257e-04
5.083629657969122491e+02,-1.858879701242829397e-04
5.084793474194407281e+02,7.915903446863933619e-04
5.085957330220153381e+02,3.404465070814658464e-04
5.087121226018104494e+02,-5.618411681283892387e-04
5.088285161560002052e+02,9.670351704216429301e-04
5.089449136817589761e+02,3.655100536150729276e-04
5.090613151762610187e+02,-8.124766334644600504e-04
5.091777206366806467e+02,1.518433194160998716e-03
5.092941300601919465e+02,-1.106973305234616826e-04
5.094105434439694591e+02,1.769068659497069745e-03
5.095269607851872706e+02,-1.614510122539886865e-03
5.096433820810196380e+02,-5.367776215947821575e-04
5.097598073286409317e+02,1.399381348126091699e-04
5.098762365252254654e+02,4.156371466822870900e-04
5.099926696679473821e+02,1.148745882790020752e-04
5.101091067539810524e+02,6.913361585519650371e-04
5.102255477805006763e+02,2.401923209470374946e-04
5.103419927446806241e+02,7.665267981527862807e-04
5.104584416436950391e+02,7.915903446863933619e-04
5.105748944747182350e+02,-9.628579126661025375e-04
5.106913512349245821e+02,2.401923209470374946e-04
5.108078119214882804e+02,-9.377943661324954563e-04
5.109242765315835868e+02,-8.375401799980671316e-04
5.110407450623848149e+02,1.462040214457373858e-05
5.111572175110661647e+02,4.657642397495012523e-04
5.112736938748020066e+02,-9.628579126661025375e-04
5.113901741507665974e+02,-1.163366284934959187e-03
5.115066583361341372e+02,6.474749521178791280e-05
5.116231464280789396e+02,-4.615869819939608597e-04
5.117396384237752613e+02,-2.065653960144814109e-03
5.118561343203974161e+02,-2.861421562587112915e-04
5.119726341151196607e+02,1.368051914959356229e-03
5.120891378051162519e+02,3.404465070814658464e-04
5.122056453875615034e+02,7.665267981527862807e-04
5.123221568596296720e+02,-1.138302738401352106e-03
5.124386722184949576e+02,9.169080773544287678e-04
5.125551914613316740e+02,-2.541861344283349085e-03
5.126717145853142483e+02,5.158913328167154689e-04
5.127882415876166533e+02,-8.563378398985460138e-05
5.129047724654134299e+02,6.412090654847508748e-04
5.130213072158787782e+02,-8.626037265316742128e-04
5.131378458361868979e+02,6.412090654847508748e-04
5.132543883235121029e+02,5.660184258839296313e-04
5.133709346750285931e+02,7.665267981527862807e-04
5.134874848879107958e+02,-7.372859938636388069e-04
5.136040389593329110e+02,-4.615869819939608597e-04
5.137205968864691386e+02,-1.589446576006279567e-03
5.138371586664939059e+02,1.462040214457373858e-05
5.139537242965814130e+02,3.153829605478587652e-04
5.140702937739058598e+02,5.910819724175367124e-04
5.141868670956415599e+02,-1.088175645334137943e-03
5.143034442589628270e+02,-4.866505285275679409e-04
5.144200252610439748e+02,-3.613327958595325350e-04
5.145366100990590894e+02,-1.138302738401352106e-03
5.146531987701827120e+02,5.409548793503225501e-04
5.147697912715889288e+02,-9.628579126661025375e-04
5.148863876004520534e+02,-2.360150631914971020e-04
5.150029877539462859e+02,5.660184258839296313e-04
5.151195917292460535e+02,-3.550669092264043225e-05
5.152361995235255563e+02,-2.360150631914971020e-04
5.153528111339589941e+02,-9.628579126661025375e-04
5.154694265577206806e+02,-1.357608770570687773e-04
5.155860457919850433e+02,-1.608244235906758585e-04
5.157026688339261682e+02,1.292861275358534985e-03
5.158192956807183691e+02,-4.114598889267466974e-04
5.159359263295359597e+02,1.650016813462162511e-04
5.160525607775532535e+02,5.910819724175367124e-04
5.161691990219443369e+02,-1.564383029472672486e-03
5.162858410598837509e+02,-2.190971692812849515e-03
5.164024868885454680e+02,-2.610786097251042103e-04
5.165191365051040293e+02,-3.863963423931396162e-04
5.166357899067335211e+02,7.414632516191791995e-04
5.167524470906083707e+02,-7.372859938636388069e-04
5.168691080539026643e+02,1.462040214457373858e-05
5.169857727937909431e+02,-3.613327958595325350e-04
5.171024413074471795e+02,1.142479996156892498e-03
5.172191135920459146e+02,-3.550669092264043225e-05
5.173357896447612347e+02,1.900652278798233322e-04
5.174524694627674535e+02,-8.876672730652812940e-04
5.175691530432388845e+02,5.158913328167154689e-04
5.176858403833497277e+02,4.657642397495012523e-04
5.178025314802742969e+02,1.418179008026570391e-03
5.179192263311870192e+02,8.981104174539499398e-05
5.180359249332618674e+02,-2.109515166578900208e-04
5.181526272836733824e+02,6.161455189511437936e-04
5.182693333795956505e+02,-2.109515166578900208e-04
5.183860432182029854e+02,-2.861421562587112915e-04
5.185027567966698143e+02,-1.213493378002173349e-03
5.186194741121702236e+02,-2.109515166578900208e-04
5.187361951618786406e+02,1.017162263488857092e-03
5.188529199429691516e+02,-5.367776215947821575e-04
5.189696484526161839e+02,-1.188429831468566268e-03
5.190863806879938238e+02,-1.338811110670208755e-03
5.192031166462766123e+02,4.657642397495012523e-04
5.193198563246387494e+02,-1.890209134409564758e-03
5.194365997202543213e+02,-7.122224473300317257e-04
5.195533468302977553e+02,-5.869047146619963198e-04
5.196700976519432515e+02,-3.613327958595325350e-04
5.197868521823652372e+02,-1.038048552266923781e-03
5.199036104187377987e+02,-1.238556924535780430e-03
5.200203723582352495e+02,4.908277862831083877e-04
5.201371379980320171e+02,2.245276043635604287e-03
5.202539073353020740e+02,5.660184258839296313e-04
5.203706803672200749e+02,1.117416449623285417e-03
5.204874570909599925e+02,3.153829605478587652e-04
5.206042375036962540e+02,-6.620953542628175634e-04
5.207210216026030594e+02,5.910819724175367124e-04
5.208378093848546087e+02,9.920987169552500113e-04
5.209546008476253292e+02,-2.610786097251042103e-04
5.210713959880894208e+02,-3.863963423931396162e-04
5.211881948034211973e+02,-9.127308195988883752e-04
5.213049972907949723e+02,2.151287744134304134e-04
5.214218034473848320e+02,-2.190971692812849515e-03
5.215386132703652038e+02,6.662726120183579560e-04
5.216554267569102876e+02,-3.863963423931396162e-04
5.217722439041945108e+02,1.593623833761819960e-03
5.218890647093918460e+02,-1.357608770570687773e-04
5.220058891696769479e+02,6.474749521178791280e-05
5.221227172822236753e+02,-1.338811110670208755e-03
5.222395490442066830e+02,-1.564383029472672486e-03
5.223563844528000573e+02,6.161455189511437936e-04
5.224732235051779980e+02,1.919449938698712232e-03
5.225900661985149327e+02,-1.138302738401352106e-03
5.227069125299850612e+02,-1.163366284934959187e-03
5.228237624967626971e+02,-6.370318077292104822e-04
5.229406160960220404e+02,1.092352903089678336e-03
5.230574733249374049e+02,1.650016813462162511e-04
5.231743341806831040e+02,-8.124766334644600504e-04
5.232911986604333379e+02,2.903194140142516841e-04
5.234080667613625337e+02,6.412090654847508748e-04
5.235249384806446642e+02,-4.615869819939608597e-04
5.236418138154542703e+02,1.462040214457373858e-05
5.237586927629655520e+02,-1.012985005733316700e-03
5.238755753203527092e+02,-1.238556924535780430e-03
5.239924614847901694e+02,-1.038048552266923781e-03
5.241093512534520187e+02,-2.610786097251042103e-04
5.242262446235126845e+02,3.905736001486800088e-04
5.243431415921463667e+02,2.903194140142516841e-04
5.244600421565273791e+02,5.409548793503225501e-04
5.245769463138299216e+02,-4.114598889267466974e-04
5.246938540612283077e+02,-5.367776215947821575e-04
5.248107653958968513e+02,2.401923209470374946e-04
5.249276803150096384e+02,3.404465070814658464e-04
5.250445988157412103e+02,-7.874130869308529693e-04
5.251615208952657667e+02,-1.288684017602994593e-03
5.252784465507575078e+02,-2.861421562587112915e-04
5.253953757793907471e+02,-2.817560356153026978e-03
5.255123085783396846e+02,-8.375401799980671316e-04
5.256292449447786339e+02,-6.871589007964246446e-04
5.257461848758819087e+02,-3.550669092264043225e-05
5.258631283688238227e+02,-1.338811110670208755e-03
5.259800754207785758e+02,4.908277862831083877e-04
5.260970260289204816e+02,-2.266162332413670759e-03
5.262139801904236265e+02,2.044767671366747638e-03
5.263309379024625514e+02,-6.370318077292104822e-04
5.264478991622114563e+02,-6.620953542628175634e-04
5.265648639668445412e+02,3.153829605478587652e-04
5.266818323135360060e+02,-1.363874657203815836e-03
5.267988041994603918e+02,-3.112057027923183727e-04
5.269157796217916712e+02,-2.360150631914971020e-04
5.270327585777043851e+02,-3.863963423931396162e-04
5.271497410643726198e+02,8.667809842872146054e-04
5.272667270789706890e+02,-5.367776215947821575e-04
5.273837166186729064e+02,1.399381348126091699e-04
5.275007096806535856e+02,-5.618411681283892387e-04
5.276177062620869265e+02,5.660184258839296313e-04
5.277347063601471291e+02,-1.263620471069387512e-03
5.278517099720086208e+02,-1.357608770570687773e-04
5.279687170948456014e+02,-1.414001750271029999e-03
5.280857277258322711e+02,6.412090654847508748e-04
5.282027418621430570e+02,-1.188429831468566268e-03
5.283197595009520455e+02,-1.263620471069387512e-03
5.284367806394337777e+02,-1.714764308674315190e-03
5.285538052747622260e+02,-9.377943661324954563e-04
5.286708334041119315e+02,2.903194140142516841e-04
5.287878650246568668e+02,-1.564383029472672486e-03
5.289049001335716866e+02,-8.876672730652812940e-04
5.290219387280303636e+02,-3.550669092264043225e-05
5.291389808052072112e+02,8.417174377536075242e-04
5.292560263622765433e+02,-2.109515166578900208e-04
5.293730753964127871e+02,-1.313747564136601674e-03
5.294901279047899152e+02,3.655100536150729276e-04
5.296071838845824686e+02,1.900652278798233322e-04
5.297242433329645337e+02,1.242734182291320823e-03
5.298413062471105377e+02,5.158913328167154689e-04
5.299583726241945669e+02,1.342988368425749148e-03
5.300754424613910487e+02,2.652558674806446029e-04
5.301925157558742967e+02,-2.360150631914971020e-04
5.303095925048183972e+02,-8.375401799980671316e-04
5.304266727053977775e+02,-5.618411681283892387e-04
5.305437563547866375e+02,-5.367776215947821575e-04
5.306608434501592910e+02,-1.357608770570687773e-04
5.307779339886899379e+02,-3.613327958595325350e-04
5.308950279675528918e+02,3.968394867818082484e-05
5.310121253839224664e+02,-6.057023745624751343e-05
5.311292262349729754e+02,1.900652278798233322e-04
5.312463305178785049e+02,-3.613327958595325350e-04
5.313634382298134824e+02,-8.563378398985460138e-05
5.314805493679522215e+02,-7.122224473300317257e-04
5.315976639294688084e+02,-1.614510122539886865e-03
5.317147819115376706e+02,-5.869047146619963198e-04
5.318319033113330079e+02,-7.372859938636388069e-04
5.319490281260291340e+02,-6.057023745624751343e-05
5.320661563528003626e+02,5.660184258839296313e-04
5.321832879888208936e+02,8.166538912200004430e-04
5.323004230312649270e+02,-3.112057027923183727e-04
5.324175614773068901e+02,1.142479996156892498e-03
5.325347033241210966e+02,2.401923209470374946e-04
5.326518485688816327e+02,1.462040214457373858e-05
5.327689972087628121e+02,5.660184258839296313e-04
5.328861492409389484e+02,-2.109515166578900208e-04
5.330033046625843554e+02,-1.439065296804637080e-03
5.331204634708733465e+02,3.968394867818082484e-05
5.332376256629800082e+02,7.915903446863933619e-04
5.333547912360786540e+02,1.399381348126091699e-04
5.334719601873437114e+02,-4.615869819939608597e-04
5.335891325139493802e+02,4.657642397495012523e-04
5.337063082130699740e+02,-1.439065296804637080e-03
5.338234872818795793e+02,-1.138302738401352106e-03
5.339406697175527370e+02,-6.871589007964246446e-04
5.340578555172635333e+02,1.819195752564283907e-03
5.341750446781862820e+02,-4.615869819939608597e-04
5.342922371974952966e+02,7.163997050855721183e-04
5.344094330723647772e+02,-1.840082041342350596e-03
5.345266322999690374e+02,1.399381348126091699e-04
5.346438348774822771e+02,-1.012985005733316700e-03
5.347610408020790373e+02,8.918445308208216866e-04
5.348782500709332908e+02,-7.372859938636388069e-04
5.349954626812193510e+02,-8.124766334644600504e-04
5.351126786301116454e+02,-1.363874657203815836e-03
5.352298979147843738e+02,3.404465070814658464e-04
5.353471205324117363e+02,1.650016813462162511e-04
5.354643464801681603e+02,-6.057023745624751343e-05
5.355815757552277319e+02,-7.623495403972458881e-04
5.356988083547648785e+02,-3.613327958595325350e-04
5.358160442759538000e+02,1.399381348126091699e-04
5.359332835159686965e+02,-1.940336227476778920e-03
5.360505260719839953e+02,3.153829605478587652e-04
5.361677719411738963e+02,1.568560287228212878e-03
5.362850211207127131e+02,-6.620953542628175634e-04
5.364022736077746458e+02,-1.357608770570687773e-04
5.365195293995338943e+02,2.401923209470374946e-04
5.366367884931649996e+02,-8.626037265316742128e-04
5.367540508858420480e+02,8.981104174539499398e-05
5.368713165747393532e+02,2.903194140142516841e-04
5.369885855570311151e+02,-3.362692493259254538e-04
5.371058578298916473e+02,1.794132206030676826e-03
5.372231333904952635e+02,-6.119682611956034010e-04
5.373404122360161637e+02,1.399381348126091699e-04
5.374576943636287751e+02,-9.377943661324954563e-04
5.375749797705072979e+02,-4.365234354603537785e-04
5.376922684538258181e+02,-2.040590413611207028e-03
5.378095604107588770e+02,-2.610786097251042103e-04
5.379268556384806743e+02,-3.112057027923183727e-04
5.380441541341654101e+02,1.462040214457373858e-05
5.381614558949872844e+02,1.017162263488857092e-03
5.382787609181207245e+02,8.166538912200004430e-04
5.383960692007400439e+02,-1.789954948275136433e-03
5.385133807400193291e+02,-7.372859938636388069e-04
5.386306955331331210e+02,-1.113239191867745025e-03
5.387480135772553922e+02,2.903194140142516841e-04
5.388653348695604564e+02,1.042225810022464174e-03
5.389826594072228545e+02,-1.063112098800530862e-03
5.390999871874166729e+02,2.151287744134304134e-04
5.392173182073161115e+02,5.910819724175367124e-04
5.393346524640954840e+02,2.903194140142516841e-04
5.394519899549292177e+02,7.665267981527862807e-04
5.395693306769913988e+02,-1.113239191867745025e-03
5.396866746274564548e+02,8.918445308208216866e-04
5.398040218034984719e+02,-1.163366284934959187e-03
5.399213722022918773e+02,2.652558674806446029e-04
5.400387258210109849e+02,-1.564383029472672486e-03
5.401560826568298808e+02,3.968394867818082484e-05
5.402734427069229923e+02,-1.363874657203815836e-03
5.403908059684645195e+02,5.660184258839296313e-04
5.405081724386287760e+02,1.342988368425749148e-03
5.406255421145899618e+02,-6.370318077292104822e-04
5.407429149935223904e+02,1.148745882790020752e-04
5.408602910726003756e+02,-1.858879701242829397e-04
5.409776703489981173e+02,3.655100536150729276e-04
5.410950528198900429e+02,-3.863963423931396162e-04
5.412124384824502386e+02,2.401923209470374946e-04
5.413298273338530180e+02,4.657642397495012523e-04
5.414472193712728085e+02,5.660184258839296313e-04
5.415646145918836964e+02,5.910819724175367124e-04
5.416820129928599954e+02,-8.375401799980671316e-04
5.417994145713760190e+02,1.067289356556071255e-03
5.419168193246059673e+02,-3.112057027923183727e-04
5.420342272497243812e+02,-7.623495403972458881e-04
5.421516383439051197e+02,3.968394867818082484e-05
5.422690526043227237e+02,1.399381348126091699e-04
5.423864700281513933e+02,1.443242554560177473e-03
5.425038906125654421e+02,7.665267981527862807e-04
5.426213143547390700e+02,6.474749521178791280e-05
5.427387412518467045e+02,-3.613327958595325350e-04
5.428561713010624317e+02,-3.863963423931396162e-04
5.429736044995604516e+02,9.670351704216429301e-04
5.430910408445154189e+02,-2.610786097251042103e-04
5.432084803331013063e+02,3.655100536150729276e-04
5.433259229624923137e+02,-4.114598889267466974e-04
5.434433687298630957e+02,1.042225810022464174e-03
5.435608176323875114e+02,-1.489192389871851242e-03
5.436782696672401016e+02,2.652558674806446029e-04
5.437957248315949528e+02,1.668814473362641420e-03
5.439131831226264921e+02,4.407006932158941711e-04
5.440306445375088060e+02,-7.623495403972458881e-04
5.441481090734164354e+02,-9.628579126661025375e-04
5.442655767275234666e+02,1.242734182291320823e-03
5.443830474970042133e+02,5.660184258839296313e-04
5.445005213790329890e+02,-1.313747564136601674e-03
5.446179983707839938e+02,1.399381348126091699e-04
5.447354784694315413e+02,1.643750926829034339e-03
5.448529616721499451e+02,1.167543542690499580e-03
5.449704479761132916e+02,1.418179008026570391e-03
5.450879373784961217e+02,3.404465070814658464e-04
5.452054298764726354e+02,-5.869047146619963198e-04
5.453229254672169191e+02,6.913361585519650371e-04
5.454404241479033999e+02,4.657642397495012523e-04
5.455579259157063916e+02,4.657642397495012523e-04
5.456754307677999805e+02,-7.623495403972458881e-04
5.457929387013587075e+02,-8.563378398985460138e-05
5.459104497135566589e+02,1.042225810022464174e-03
5.460279638015681485e+02,6.412090654847508748e-04
5.461454809625673761e+02,-1.163366284934959187e-03
5.462630011937287691e+02,9.419716238880358489e-04
5.463805244922265274e+02,-1.539319482939065405e-03
5.464980508552348510e+02,-6.370318077292104822e-04
5.466155802799281673e+02,4.657642397495012523e-04
5.467331127634806762e+02,1.148745882790020752e-04
5.468506483030664640e+02,-1.965399774010385785e-03
5.469681868958600717e+02,-3.613327958595325350e-04
5.470857285390358129e+02,-2.360150631914971020e-04
5.472032732297676603e+02,2.652558674806446029e-04
5.473208209652300411e+02,6.913361585519650371e-04
5.474383717425973828e+02,-6.871589007964246446e-04
5.475559255590437715e+02,-3.362692493259254538e-04
5.476734824117434073e+02,1.493369647627391635e-03
5.477910422978708311e+02,-8.876672730652812940e-04
5.479086052146000156e+02,-2.610786097251042103e-04
5.480261711591055018e+02,-2.416543611615313680e-03
5.481437401285613760e+02,5.409548793503225501e-04
5.482613121201420654e+02,-1.539319482939065405e-03
5.483788871310216564e+02,-9.628579126661025375e-04
5.484964651583745763e+02,2.652558674806446029e-04
5.486140461993750250e+02,1.462040214457373858e-05
5.487316302511972026e+02,-1.088175645334137943e-03
5.488492173110155363e+02,-2.861421562587112915e-04
5.489668073760043399e+02,-9.879214591997096187e-04
5.490844004433376995e+02,1.167543542690499580e-03
5.492019965101899288e+02,-4.365234354603537785e-04
5.493195955737354552e+02,4.156371466822870900e-04
5.494371976311483650e+02,-1.012985005733316700e-03
5.495548026796029717e+02,1.543496740694605797e-03
5.496724107162737027e+02,-1.639573669073493946e-03
5.497900217383346444e+02,3.968394867818082484e-05
5.499076357429601103e+02,-1.038048552266923781e-03
5.500252527273244141e+02,3.968394867818082484e-05
5.501428726886018694e+02,6.474749521178791280e-05
5.502604956239666762e+02,-6.620953542628175634e-04
5.503781215305930345e+02,3.655100536150729276e-04
5.504957504056553717e+02,9.670351704216429301e-04
5.506133822463280012e+02,5.158913328167154689e-04
5.507310170497848958e+02,4.407006932158941711e-04
5.508486548132007101e+02,-1.608244235906758585e-04
5.509662955337494168e+02,2.401923209470374946e-04
5.510839392086054431e+02,-1.063112098800530862e-03
5.512015858349429891e+02,1.650016813462162511e-04
5.513192354099363683e+02,-1.357608770570687773e-04
5.514368879307598945e+02,-8.876672730652812940e-04
5.515545433945877676e+02,1.399381348126091699e-04
5.516722017985943012e+02,-1.608244235906758585e-04
5.517898631399536953e+02,3.968394867818082484e-05
5.519075274158403772e+02,9.670351704216429301e-04
5.520251946234284333e+02,-1.608244235906758585e-04
5.521428647598922907e+02,1.368051914959356229e-03
5.522605378224061496e+02,4.156371466822870900e-04
5.523782138081443236e+02,5.660184258839296313e-04
5.524958927142810126e+02,-1.439065296804637080e-03
5.526135745379905302e+02,1.900652278798233322e-04
5.527312592764471901e+02,1.368051914959356229e-03
5.528489469268251923e+02,-6.057023745624751343e-05
5.529666374862988505e+02,6.474749521178791280e-05
5.530843309520423645e+02,5.660184258839296313e-04
5.532020273212301618e+02,-7.122224473300317257e-04
5.533197265910364422e+02,-6.119682611956034010e-04
5.534374287586354058e+02,-5.618411681283892387e-04
5.535551338212013661e+02,2.151287744134304134e-04
5.536728417759086369e+02,-1.739827855207922271e-03
5.537905526199315318e+02,1.167543542690499580e-03
5.539082663504442507e+02,3.968394867818082484e-05
5.540259829646209937e+02,8.667809842872146054e-04
5.541437024596361880e+02,-1.113239191867745025e-03
5.542614248326640336e+02,-6.370318077292104822e-04
5.543791500808788442e+02,-8.626037265316742128e-04
5.544968782014547060e+02,4.657642397495012523e-04
5.546146091915661600e+02,-7.122224473300317257e-04
5.547323430483872926e+02,6.161455189511437936e-04
5.548500797690925310e+02,-4.365234354603537785e-04
5.549678193508559616e+02,-5.367776215947821575e-04
5.550855617908520117e+02,-8.876672730652812940e-04
5.552033070862549948e+02,-7.874130869308529693e-04
5.553210552342389974e+02,-1.238556924535780430e-03
5.554388062319783330e+02,-3.112057027923183727e-04
5.555565600766474290e+02,-1.063112098800530862e-03
5.556743167654203717e+02,3.905736001486800088e-04
5.557920762954714746e+02,-2.610786097251042103e-04
5.559098386639751652e+02,-4.365234354603537785e-04
5.560276038681055297e+02,-6.057023745624751343e-05
5.561453719050369955e+02,-4.866505285275679409e-04
5.562631427719436488e+02,-5.618411681283892387e-04
5.563809164659999169e+02,1.462040214457373858e-05
5.564986929843801136e+02,-5.117140750611750763e-04
5.566164723242583250e+02,-3.550669092264043225e-05
5.567342544828089785e+02,-1.789954948275136433e-03
5.568520394572062742e+02,-4.365234354603537785e-04
5.569698272446244118e+02,6.913361585519650371e-04
5.570876178422379326e+02,-1.138302738401352106e-03
5.572054112472208089e+02,-6.119682611956034010e-04
5.573232074567474683e+02,-2.861421562587112915e-04
5.574410064679921106e+02,4.156371466822870900e-04
5.575588082781291632e+02,-1.664637215607101027e-03
5.576766128843327124e+02,6.474749521178791280e-05
5.577944202837770717e+02,-2.610786097251042103e-04
5.579122304736366686e+02,-5.869047146619963198e-04
5.580300434510854757e+02,6.662726120183579560e-04
5.581478592132981476e+02,-8.563378398985460138e-05
5.582656777574486568e+02,-1.539319482939065405e-03
5.583834990807113172e+02,1.650016813462162511e-04
5.585013231802605560e+02,-8.563378398985460138e-05
5.586191500532704595e+02,-8.375401799980671316e-04
5.587369796969155686e+02,1.342988368425749148e-03
5.588548121083697424e+02,-8.563378398985460138e-05
5.589726472848076355e+02,6.474749521178791280e-05
5.590904852234034479e+02,3.655100536150729276e-04
5.592083259213311521e+02,-1.858879701242829397e-04
5.593261693757654029e+02,1.399381348126091699e-04
5.594440155838804003e+02,4.657642397495012523e-04
5.595618645428502305e+02,7.163997050855721183e-04
5.596797162498492071e+02,-8.375401799980671316e-04
5.597975707020518712e+02,-1.865145587875957677e-03
5.599154278966320817e+02,-5.117140750611750763e-04
5.600332878307644933e+02,3.404465070814658464e-04
5.601511505016230785e+02,1.462040214457373858e-05
5.602690159063822648e+02,5.660184258839296313e-04
5.603868840422163657e+02,8.417174377536075242e-04
5.605047549062995813e+02,-7.623495403972458881e-04
5.606226284958061115e+02,-6.871589007964246446e-04
5.607405048079103835e+02,-2.065653960144814109e-03
5.608583838397865975e+02,5.910819724175367124e-04
5.609762655886090670e+02,1.650016813462162511e-04
5.610941500515519920e+02,-7.372859938636388069e-04
5.612120372257896861e+02,2.420720869370853855e-03
5.613299271084963493e+02,-1.414001750271029999e-03
5.614478196968464090e+02,-1.689700762140708109e-03
5.615657149880139514e+02,2.903194140142516841e-04
5.616836129791734038e+02,1.117416449623285417e-03
5.618015136674990799e+02,-6.620953542628175634e-04
5.619194170501650660e+02,8.667809842872146054e-04
5.620373231243456758e+02,-6.057023745624751343e-05
5.621552318872153364e+02,1.468306101093784554e-03
5.622731433359481343e+02,-7.122224473300317257e-04
5.623910574677184968e+02,-6.057023745624751343e-05
5.625089742797006238e+02,-1.288684017602994593e-03
5.626268937690687153e+02,-8.563378398985460138e-05
5.627448159329971986e+02,-2.109515166578900208e-04
5.628627407686601600e+02,8.417174377536075242e-04
5.629806682732321406e+02,-1.639573669073493946e-03
5.630985984438871128e+02,-2.109515166578900208e-04
5.632165312777995041e+02,-6.370318077292104822e-04
5.633344667721436281e+02,8.166538912200004430e-04
5.634524049240936847e+02,-6.057023745624751343e-05
5.635703457308239877e+02,-2.109515166578900208e-04
5.636882891895088505e+02,-8.375401799980671316e-04
5.638062352973223597e+02,1.944513485232319313e-03
5.639241840514389423e+02,-1.063112098800530862e-03
5.640421354490327985e+02,6.662726120183579560e-04
5.641600894872783556e+02,-1.890209134409564758e-03
5.642780461633496998e+02,6.474749521178791280e-05
5.643960054744211448e+02,-5.367776215947821575e-04
5.645139674176671178e+02,8.417174377536075242e-04
5.646319319902617053e+02,-6.620953542628175634e-04
5.647498991893792208e+02,-8.563378398985460138e-05
5.648678690121939781e+02,-1.388938203737422918e-03
5.649858414558802906e+02,-6.370318077292104822e-04
5.651038165176122448e+02,-1.608244235906758585e-04
5.652217941945643815e+02,1.067289356556071255e-03
5.653397744839107872e+02,-1.063112098800530862e-03
5.654577573828257755e+02,-2.360150631914971020e-04
5.655757428884836600e+02,-8.626037265316742128e-04
5.656937309980586406e+02,1.900652278798233322e-04
5.658117217087251447e+02,-4.615869819939608597e-04
5.659297150176571449e+02,-3.550669092264043225e-05
5.660477109220291823e+02,-1.338811110670208755e-03
5.661657094190155703e+02,-1.263620471069387512e-03
5.662837105057903955e+02,4.407006932158941711e-04
5.664017141795278576e+02,8.667809842872146054e-04
5.665197204374024977e+02,-1.238556924535780430e-03
5.666377292765885159e+02,2.151287744134304134e-04
5.667557406942599982e+02,1.462040214457373858e-05
5.668737546875913722e+02,-1.106973305234616826e-04
5.669917712537569514e+02,-1.564383029472672486e-03
5.671097903899309358e+02,-2.610786097251042103e-04
5.672278120932876391e+02,-1.213493378002173349e-03
5.673458363610012611e+02,-3.362692493259254538e-04
5.674638631902461157e+02,-7.372859938636388069e-04
5.675818925781964026e+02,-6.057023745624751343e-05
5.676999245220265493e+02,-4.866505285275679409e-04
5.678179590189107557e+02,8.667809842872146054e-04
5.679359960660233355e+02,3.404465070814658464e-04
5.680540356605383749e+02,-4.615869819939608597e-04
5.681720777996304150e+02,2.151287744134304134e-04
5.682901224804735421e+02,8.981104174539499398e-05
5.684081697002420697e+02,-7.623495403972458881e-04
5.685262194561104252e+02,6.662726120183579560e-04
5.686442717452525812e+02,9.169080773544287678e-04
5.687623265648430788e+02,-1.357608770570687773e-04
5.688803839120560042e+02,-1.539319482939065405e-03
5.689984437840657847e+02,-1.106973305234616826e-04
5.691165061780466203e+02,2.151287744134304134e-04
5.692345710911727110e+02,8.667809842872146054e-04
5.693526385206184841e+02,-1.288684017602994593e-03
5.694707084635581396e+02,4.908277862831083877e-04
5.695887809171658773e+02,-1.858879701242829397e-04
5.697068558786160111e+02,8.417174377536075242e-04
5.698249333450828544e+02,1.794132206030676826e-03
5.699430133137407211e+02,-1.614510122539886865e-03
5.700610957817639246e+02,3.905736001486800088e-04
5.701791807463264377e+02,1.418179008026570391e-03
5.702972682046029149e+02,-7.874130869308529693e-04
5.704153581537673290e+02,3.404465070814658464e-04
5.705334505909941072e+02,-2.190971692812849515e-03
5.706515455134574495e+02,8.166538912200004430e-04
5.707696429183317832e+02,-3.112057027923183727e-04
5.708877428027911947e+02,7.163997050855721183e-04
5.710058451640099975e+02,2.903194140142516841e-04
5.711239499991626190e+02,-1.113239191867745025e-03
5.712420573054231454e+02,-2.610786097251042103e-04
5.713601670799658905e+02,8.166538912200004430e-04
5.714782793199651678e+02,-1.388938203737422918e-03
5.715963940225951774e+02,1.267797728824927904e-03
5.717145111850304602e+02,6.913361585519650371e-04
5.718326308044448751e+02,9.169080773544287678e-04
5.719507528780129633e+02,-3.550669092264043225e-05
5.720688774029089245e+02,-1.614510122539886865e-03
5.721870043763070726e+02,-1.858879701242829397e-04
5.723051337953816073e+02,-9.879214591997096187e-04
5.724232656573069562e+02,2.401923209470374946e-04
5.725413999592572054e+02,2.401923209470374946e-04
5.726595366984065549e+02,-5.367776215947821575e-04
5.727776758719296595e+02,1.217670635757713742e-03
5.728958174770003779e+02,2.652558674806446029e-04
5.730139615107932514e+02,-1.414001750271029999e-03
5.731321079704824797e+02,-1.012985005733316700e-03
5.732502568532422629e+02,-4.365234354603537785e-04
5.733684081562470283e+02,-8.876672730652812940e-04
5.734865618766708621e+02,-4.365234354603537785e-04
5.736047180116881918e+02,-1.138302738401352106e-03
5.737228765584732173e+02,1.900652278798233322e-04
5.738410375142002522e+02,1.067289356556071255e-03
5.739592008760434965e+02,1.067289356556071255e-03
5.740773666411771501e+02,-1.288684017602994593e-03
5.741955348067757541e+02,2.151287744134304134e-04
5.743137053700133947e+02,-1.564383029472672486e-03
5.744318783280643856e+02,-4.866505285275679409e-04
5.745500536781030405e+02,-1.038048552266923781e-03
5.746682314173034456e+02,-1.539319482939065405e-03
5.747864115428401419e+02,-4.365234354603537785e-04
5.749045940518872158e+02,1.944513485232319313e-03
5.750227789416189808e+02,-8.375401799980671316e-04
5.751409662092097506e+02,1.462040214457373858e-05
5.752591558518338388e+02,-1.608244235906758585e-04
5.753773478666653318e+02,2.094894764433961800e-03
5.754955422508786569e+02,-2.266162332413670759e-03
5.756137390016481277e+02,-1.012985005733316700e-03
5.757319381161479441e+02,-1.012985005733316700e-03
5.758501395915523062e+02,-1.088175645334137943e-03
5.759683434250356413e+02,-1.363874657203815836e-03
5.760865496137721493e+02,7.665267981527862807e-04
5.762047581549359165e+02,-1.357608770570687773e-04
5.763229690457015977e+02,5.409548793503225501e-04
5.764411822832432790e+02,6.474749521178791280e-05
5.765593978647350468e+02,-2.360150631914971020e-04
5.766776157873514421e+02,2.401923209470374946e-04
5.767958360482666649e+02,4.156371466822870900e-04
5.769140586446549150e+02,6.474749521178791280e-05
5.770322835736906200e+02,5.409548793503225501e-04
5.771505108325477522e+02,-1.589446576006279567e-03
5.772687404184009665e+02,3.404465070814658464e-04
5.773869723284242355e+02,-8.124766334644600504e-04
5.775052065597919864e+02,-1.858879701242829397e-04
5.776234431096785329e+02,1.067289356556071255e-03
5.777416819752579613e+02,-7.122224473300317257e-04
5.778599231537046990e+02,-1.012985005733316700e-03
5.779781666421929458e+02,-2.360150631914971020e-04
5.780964124378970155e+02,1.650016813462162511e-04
5.782146605379912216e+02,2.401923209470374946e-04
5.783329109396496506e+02,-1.858879701242829397e-04
5.784511636400468433e+02,-3.550669092264043225e-05
5.785694186363568861e+02,-2.190971692812849515e-03
5.786876759257540925e+02,-1.489192389871851242e-03
5.788059355054127764e+02,-1.044314438903334599e-05
5.789241973725071375e+02,1.794132206030676826e-03
5.790424615242114896e+02,1.650016813462162511e-04
5.791607279577001464e+02,2.903194140142516841e-04
5.792789966701473077e+02,-7.874130869308529693e-04
5.793972676587272872e+02,2.170085404034783044e-03
5.795155409206142849e+02,-6.620953542628175634e-04
5.796338164529827282e+02,4.156371466822870900e-04
5.797520942530068169e+02,-8.375401799980671316e-04
5.798703743178607510e+02,3.153829605478587652e-04
5.799886566447189580e+02,-1.639573669073493946e-03
5.801069412307555240e+02,1.643750926829034339e-03
5.802252280731448764e+02,-8.375401799980671316e-04
5.803435171690612151e+02,1.844259299097890988e-03
5.804618085156787402e+02,-1.163366284934959187e-03
5.805801021101718788e+02,-2.861421562587112915e-04
5.806983979497148312e+02,-4.365234354603537785e-04
5.808166960314817970e+02,1.693878019896248501e-03
5.809349963526472038e+02,-1.840082041342350596e-03
5.810532989103852515e+02,1.718941566429855582e-03
5.811716037018701400e+02,-1.388938203737422918e-03
5.812899107242762966e+02,1.568560287228212878e-03
5.814082199747779214e+02,-2.360150631914971020e-04
5.815265314505491006e+02,1.518433194160998716e-03
5.816448451487644888e+02,1.142479996156892498e-03
5.817631610665980588e+02,1.769068659497069745e-03
5.818814792012241242e+02,-6.057023745624751343e-05
5.819997995498169985e+02,-1.357608770570687773e-04
5.821181221095509954e+02,4.156371466822870900e-04
5.822364468776004287e+02,8.667809842872146054e-04
5.823547738511394982e+02,-6.620953542628175634e-04
5.824731030273424039e+02,-3.550669092264043225e-05
5.825914344033835732e+02,4.407006932158941711e-04
5.827097679764370923e+02,1.468306101093784554e-03
5.828281037436773886e+02,-5.618411681283892387e-04
5.829464417022786620e+02,2.652558674806446029e-04
5.830647818494153398e+02,-1.238556924535780430e-03
5.831831241822613947e+02,5.660184258839296313e-04
5.833014686979913677e+02,-6.370318077292104822e-04
5.834198153937794586e+02,2.652558674806446029e-04
5.835381642667998676e+02,-4.615869819939608597e-04
5.836565153142269082e+02,8.667809842872146054e-04
5.837748685332348941e+02,-1.088175645334137943e-03
5.838932239209980253e+02,2.145021857501175962e-03
5.840115814746907290e+02,4.156371466822870900e-04
5.841299411914869779e+02,2.401923209470374946e-04
5.842483030685614267e+02,-1.113239191867745025e-03
5.843666671030880480e+02,3.404465070814658464e-04
5.844850332922412690e+02,-1.489192389871851242e-03
5.846034016331952898e+02,-2.610786097251042103e-04
5.847217721231243104e+02,1.148745882790020752e-04
5.848401447592028717e+02,-3.550669092264043225e-05
5.849585195386050600e+02,-2.610786097251042103e-04
5.850768964585050753e+02,7.163997050855721183e-04
5.851952755160773449e+02,4.908277862831083877e-04
5.853136567084959552e+02,8.417174377536075242e-04
5.854320400329354470e+02,-2.109515166578900208e-04
5.855504254865699068e+02,-1.188429831468566268e-03
5.856688130665736480e+02,1.900652278798233322e-04
5.857872027701209845e+02,1.468306101093784554e-03
5.859055945943861161e+02,3.153829605478587652e-04
5.860239885365433565e+02,2.151287744134304134e-04
5.861423845937670194e+02,1.568560287228212878e-03
5.862607827632311910e+02,-4.114598889267466974e-04
5.863791830421104123e+02,-8.876672730652812940e-04
5.864975854275787697e+02,-1.608244235906758585e-04
5.866159899168105767e+02,-1.113239191867745025e-03
5.867343965069801470e+02,-1.188429831468566268e-03
5.868528051952616806e+02,-6.057023745624751343e-05
5.869712159788296049e+02,-1.764891401741529352e-03
5.870896288548581197e+02,-6.620953542628175634e-04
5.872080438205213113e+02,1.493369647627391635e-03
5.873264608729937208e+02,2.652558674806446029e-04
5.874448800094494345e+02,3.968394867818082484e-05
5.875633012270628797e+02,-7.623495403972458881e-04
5.876817245230082563e+02,-5.367776215947821575e-04
5.878001498944597643e+02,-9.879214591997096187e-04
5.879185773385917173e+02,1.092352903089678336e-03
5.880370068525785427e+02,9.419716238880358489e-04
5.881554384335942132e+02,9.920987169552500113e-04
5.882738720788133833e+02,3.968394867818082484e-05
5.883923077854099120e+02,1.267797728824927904e-03
5.885107455505583403e+02,-2.360150631914971020e-04
5.886291853714328681e+02,-8.876672730652812940e-04
5.887476272452079229e+02,1.462040214457373858e-05
5.888660711690574772e+02,3.968394867818082484e-05
5.889845171401559583e+02,2.401923209470374946e-04
5.891029651556777935e+02,6.662726120183579560e-04
5.892214152127969555e+02,-8.375401799980671316e-04
5.893398673086878716e+02,-4.866505285275679409e-04
5.894583214405248555e+02,-5.869047146619963198e-04
5.895767776054821070e+02,1.718941566429855582e-03
5.896952358007340536e+02,-8.563378398985460138e-05
5.898136960234546677e+02,3.905736001486800088e-04
5.899321582708184906e+02,9.670351704216429301e-04
5.900506225399996083e+02,6.662726120183579560e-04
5.901690888281724483e+02,2.401923209470374946e-04
5.902875571325112105e+02,-8.626037265316742128e-04
5.904060274501900949e+02,-8.876672730652812940e-04
5.905244997783836425e+02,1.399381348126091699e-04
5.906429741142658258e+02,-1.138302738401352106e-03
5.907614504550110723e+02,5.660184258839296313e-04
5.908799287977935819e+02,-3.863963423931396162e-04
5.909984091397875545e+02,-1.489192389871851242e-03
5.911168914781676449e+02,-9.127308195988883752e-04
5.912353758101075982e+02,5.910819724175367124e-04
5.913538621327820692e+02,-2.109515166578900208e-04
5.914723504433651442e+02,1.342988368425749148e-03
5.915908407390311368e+02,-7.623495403972458881e-04
5.917093330169543606e+02,1.067289356556071255e-03
5.918278272743091293e+02,-1.357608770570687773e-04
5.919463235082696428e+02,-6.370318077292104822e-04
5.920648217160101012e+02,1.017162263488857092e-03
5.921833218947049318e+02,-1.188429831468566268e-03
5.923018240415283344e+02,1.117416449623285417e-03
5.924203281536545092e+02,-1.689700762140708109e-03
5.925388342282578833e+02,-8.626037265316742128e-04
5.926573422625126568e+02,4.156371466822870900e-04
5.927758522535930297e+02,-1.163366284934959187e-03
5.928943641986734292e+02,8.667809842872146054e-04
5.930128780949279417e+02,7.915903446863933619e-04
5.931313939395308807e+02,8.981104174539499398e-05
5.932499117296567874e+02,1.744005112963462664e-03
5.933684314624795206e+02,1.148745882790020752e-04
5.934869531351737351e+02,-1.608244235906758585e-04
5.936054767449134033e+02,-2.109515166578900208e-04
5.937240022888729527e+02,2.370593776303639693e-03
5.938425297642265832e+02,5.409548793503225501e-04
5.939610591681487222e+02,-1.113239191867745025e-03
5.940795904978135695e+02,-1.238556924535780430e-03
5.941981237503952116e+02,-9.127308195988883752e-04
5.943166589230681893e+02,-3.362692493259254538e-04
5.944351960130065891e+02,1.317924821892142067e-03
5.945537350173847244e+02,1.067289356556071255e-03
5.946722759333767954e+02,-8.563378398985460138e-05
5.947908187581573429e+02,4.908277862831083877e-04
5.949093634889004534e+02,-1.113239191867745025e-03
5.950279101227804404e+02,4.407006932158941711e-04
5.951464586569713902e+02,9.920987169552500113e-04
5.952650090886479575e+02,-3.362692493259254538e-04
5.953835614149840012e+02,-6.057023745624751343e-05
5.955021156331540624e+02,1.650016813462162511e-04
5.956206717403324546e+02,-6.871589007964246446e-04
5.957392297336932643e+02,-1.238556924535780430e-03
5.958577896104106912e+02,1.167543542690499580e-03
5.959763513676593902e+02,-5.367776215947821575e-04
5.960949150026132202e+02,2.546038602038889261e-03
5.962134805124467221e+02,-6.119682611956034010e-04
5.963320478943340959e+02,-1.044314438903334599e-05
5.964506171454495416e+02,-1.414001750271029999e-03
5.965691882629673728e+02,-4.114598889267466974e-04
5.966877612440619032e+02,-7.623495403972458881e-04
5.968063360859075601e+02,-1.608244235906758585e-04
5.969249127856782025e+02,4.657642397495012523e-04
5.970434913405483712e+02,2.094894764433961800e-03
5.971620717476923801e+02,-1.357608770570687773e-04
5.972806540042845427e+02,6.913361585519650371e-04
5.973992381074988316e+02,-8.375401799980671316e-04
5.975178240545096742e+02,1.148745882790020752e-04
5.976364118424914977e+02,5.409548793503225501e-04
5.977550014686185023e+02,-6.620953542628175634e-04
5.978735929300647740e+02,-1.739827855207922271e-03
5.979921862240048540e+02,9.419716238880358489e-04
5.981107813476128285e+02,-1.388938203737422918e-03
5.982293782980630112e+02,5.660184258839296313e-04
5.983479770725296021e+02,-1.063112098800530862e-03
5.984665776681871421e+02,-4.615869819939608597e-04
5.985851800822097175e+02,1.017162263488857092e-03
5.987037843117714147e+02,-8.375401799980671316e-04
5.988223903540468882e+02,-3.863963423931396162e-04
5.989409982062102245e+02,-1.106973305234616826e-04
5.990596078654355097e+02,-1.012985005733316700e-03
5.991782193288973986e+02,1.769068659497069745e-03
5.992968325937699774e+02,1.462040214457373858e-05
5.994154476572273325e+02,6.662726120183579560e-04
5.995340645164441185e+02,-1.739827855207922271e-03
5.996526831685943080e+02,2.401923209470374946e-04
5.997713036108523283e+02,2.652558674806446029e-04
5.998899258403923795e+02,-9.628579126661025375e-04
6.000085498543886615e+02,4.156371466822870900e-04
6.001271756500156016e+02,1.650016813462162511e-04
6.002458032244473998e+02,-4.615869819939608597e-04
6.003644325748583697e+02,8.918445308208216866e-04
6.004830636984227112e+02,-6.871589007964246446e-04
6.006016965923147382e+02,3.968394867818082484e-05
6.007203312537087641e+02,-1.357608770570687773e-04
6.008389676797789889e+02,-2.861421562587112915e-04
6.009576058676998400e+02,-9.377943661324954563e-04
6.010762458146452900e+02,4.407006932158941711e-04
6.011948875177897662e+02,-8.626037265316742128e-04
6.013135309743076959e+02,-3.550669092264043225e-05
6.014321761813732792e+02,-4.114598889267466974e-04
6.015508231361606022e+02,5.910819724175367124e-04
6.016694718358442060e+02,-4.615869819939608597e-04
6.017881222775980632e+02,2.646292788173317586e-03
6.019067744585967148e+02,-1.213493378002173349e-03
6.020254283760143608e+02,7.414632516191791995e-04
6.021440840270250874e+02,-8.375401799980671316e-04
6.022627414088034357e+02,1.167543542690499580e-03
6.023814005185236056e+02,-1.363874657203815836e-03
6.025000613533597971e+02,1.650016813462162511e-04
6.026187239104863238e+02,-6.119682611956034010e-04
6.027373881870773857e+02,1.493369647627391635e-03
6.028560541803072965e+02,-1.238556924535780430e-03
6.029747218873503698e+02,-1.313747564136601674e-03
6.030933913053809192e+02,-1.313747564136601674e-03
6.032120624315732584e+02,2.652558674806446029e-04
6.033307352631013600e+02,-8.124766334644600504e-04
6.034494097971398787e+02,4.407006932158941711e-04
6.035680860308627871e+02,5.158913328167154689e-04
6.036867639614445125e+02,1.242734182291320823e-03
6.038054435860593685e+02,-1.539319482939065405e-03
6.039241249018814415e+02,9.920987169552500113e-04
6.040428079060852724e+02,-6.057023745624751343e-05
6.041614925958448339e+02,6.161455189511437936e-04
6.042801789683346669e+02,8.667809842872146054e-04
6.043988670207288578e+02,8.667809842872146054e-04
6.045175567502017202e+02,-4.615869819939608597e-04
6.046362481539275677e+02,1.994640578299533475e-03
6.047549412290807140e+02,5.660184258839296313e-04
6.048736359728352454e+02,3.905736001486800088e-04
6.049923323823657029e+02,6.662726120183579560e-04
6.051110304548461727e+02,1.267797728824927904e-03
6.052297301874509685e+02,-2.861421562587112915e-04
6.053484315773544040e+02,5.158913328167154689e-04
6.054671346217305654e+02,-9.377943661324954563e-04
6.055858393177541075e+02,-2.861421562587112915e-04
6.057045456625990028e+02,-3.613327958595325350e-04
6.058232536534395649e+02,-3.613327958595325350e-04
6.059419632874501076e+02,4.657642397495012523e-04
6.060606745618049445e+02,-9.628579126661025375e-04
6.061793874736781618e+02,-6.871589007964246446e-04
6.062981020202444142e+02,-4.866505285275679409e-04
6.064168181986774471e+02,-4.615869819939608597e-04
6.065355360061520287e+02,1.718941566429855582e-03
6.066542554398421316e+02,-6.057023745624751343e-05
6.067729764969221833e+02,7.414632516191791995e-04
6.068916991745663836e+02,-5.367776215947821575e-04
6.070104234699489325e+02,-4.866505285275679409e-04
6.071291493802442574e+02,-3.362692493259254538e-04
6.072478769026265581e+02,2.596165695106103424e-03
6.073666060342700348e+02,-1.639573669073493946e-03
6.074853367723491147e+02,-7.372859938636388069e-04
6.076040691140378840e+02,-5.117140750611750763e-04
6.077228030565108838e+02,1.342988368425749148e-03
6.078415385969422005e+02,-7.874130869308529693e-04
6.079602757325060338e+02,-5.618411681283892387e-04
6.080790144603768113e+02,-7.623495403972458881e-04
6.081977547777287327e+02,7.915903446863933619e-04
6.083164966817359982e+02,-1.990463320543992866e-03
6.084352401695731487e+02,-2.861421562587112915e-04
6.085539852384142705e+02,-4.615869819939608597e-04
6.086727318854334499e+02,1.148745882790020752e-04
6.087914801078053415e+02,-2.360150631914971020e-04
6.089102299027040317e+02,-1.012985005733316700e-03
6.090289812673036067e+02,-1.044314438903334599e-05
6.091477341987787213e+02,-1.439065296804637080e-03
6.092664886943034617e+02,-1.188429831468566268e-03
6.093852447510519141e+02,-2.360150631914971020e-04
6.095040023661986197e+02,2.151287744134304134e-04
6.096227615369177784e+02,2.401923209470374946e-04
6.097415222603837037e+02,-1.714764308674315190e-03
6.098602845337705958e+02,-8.563378398985460138e-05
6.099790483542526545e+02,-6.370318077292104822e-04
6.100978137190043071e+02,-1.357608770570687773e-04
6.102165806251998674e+02,3.404465070814658464e-04
6.103353490700133079e+02,-6.370318077292104822e-04
6.104541190506192834e+02,-1.639573669073493946e-03
6.105728905641917663e+02,-3.613327958595325350e-04
6.106916636079050704e+02,1.399381348126091699e-04
6.108104381789336230e+02,9.670351704216429301e-04
6.109292142744516241e+02,-7.122224473300317257e-04
6.110479918916333872e+02,-1.608244235906758585e-04
6.111667710276531125e+02,-6.620953542628175634e-04
6.112855516796851134e+02,-1.138302738401352106e-03
6.114043338449034763e+02,-6.119682611956034010e-04
6.115231175204828560e+02,-1.608244235906758585e-04
6.116419027035972249e+02,1.342988368425749148e-03
6.117606893914210104e+02,2.170085404034783044e-03
6.118794775811284126e+02,1.443242554560177473e-03
6.119982672698936312e+02,-5.869047146619963198e-04
6.121170584548910938e+02,2.151287744134304134e-04
6.122358511332950002e+02,-8.124766334644600504e-04
6.123546453022795504e+02,6.412090654847508748e-04
6.124734409590191717e+02,2.652558674806446029e-04
6.125922381006879505e+02,-1.589446576006279567e-03
6.127110367244603140e+02,-4.615869819939608597e-04
6.128298368275105759e+02,-9.377943661324954563e-04
6.129486384070128224e+02,9.419716238880358489e-04
6.130674414601414810e+02,-2.040590413611207028e-03
6.131862459840707515e+02,-4.866505285275679409e-04
6.133050519759749477e+02,-9.377943661324954563e-04
6.134238594330282695e+02,-4.866505285275679409e-04
6.135426683524051441e+02,1.292861275358534985e-03
6.136614787312796579e+02,-1.263620471069387512e-03
6.137802905668261246e+02,-2.360150631914971020e-04
6.138991038562188578e+02,-6.871589007964246446e-04
6.140179185966321711e+02,6.412090654847508748e-04
6.141367347852403782e+02,-4.615869819939608597e-04
6.142555524192175653e+02,-2.109515166578900208e-04
6.143743714957381599e+02,1.994640578299533475e-03
6.144931920119763618e+02,-1.714764308674315190e-03
6.146120139651064846e+02,1.042225810022464174e-03
6.147308373523028422e+02,5.158913328167154689e-04
6.148496621707395207e+02,5.158913328167154689e-04
6.149684884175910611e+02,5.910819724175367124e-04
6.150873160900314360e+02,1.462040214457373858e-05
6.152061451852353002e+02,-8.626037265316742128e-04
6.153249757003765126e+02,6.474749521178791280e-05
6.154438076326296141e+02,-7.122224473300317257e-04
6.155626409791688047e+02,9.169080773544287678e-04
6.156814757371683982e+02,-1.539319482939065405e-03
6.158003119038025943e+02,-7.372859938636388069e-04
6.159191494762455932e+02,-4.615869819939608597e-04
6.160379884516719358e+02,-1.639573669073493946e-03
6.161568288272557083e+02,-3.362692493259254538e-04
6.162756706001712246e+02,7.665267981527862807e-04
6.163945137675925707e+02,-3.362692493259254538e-04
6.165133583266944015e+02,5.409548793503225501e-04
6.166322042746506895e+02,-1.138302738401352106e-03
6.167510516086358621e+02,-4.615869819939608597e-04
6.168699003258240054e+02,1.650016813462162511e-04
6.169887504233895470e+02,-1.739827855207922271e-03
6.171076018985068004e+02,-8.375401799980671316e-04
6.172264547483498518e+02,1.650016813462162511e-04
6.173453089700932424e+02,-2.109515166578900208e-04
6.174641645609110583e+02,1.543496740694605797e-03
6.175830215179774996e+02,-8.876672730652812940e-04
6.177018798384669935e+02,-9.628579126661025375e-04
6.178207395195538538e+02,-9.127308195988883752e-04
6.179396005584121667e+02,-4.866505285275679409e-04
6.180584629522163596e+02,-9.127308195988883752e-04
6.181773266981406323e+02,9.419716238880358489e-04
6.182961917933591849e+02,-7.874130869308529693e-04
6.184150582350464447e+02,-1.689700762140708109e-03
6.185339260203766116e+02,-1.357608770570687773e-04
6.186527951465241131e+02,-1.188429831468566268e-03
6.187716656106629216e+02,-6.871589007964246446e-04
6.188905374099674646e+02,-3.362692493259254538e-04
6.190094105416120556e+02,-2.360150631914971020e-04
6.191282850027708946e+02,6.662726120183579560e-04
6.192471607906184090e+02,4.657642397495012523e-04
6.193660379023285714e+02,6.161455189511437936e-04
6.194849163350759227e+02,-1.858879701242829397e-04
6.196037960860346629e+02,-3.550669092264043225e-05
6.197226771523789921e+02,-1.689700762140708109e-03
6.198415595312833375e+02,8.667809842872146054e-04
6.199604432199217854e+02,8.417174377536075242e-04
6.200793282154687631e+02,1.042225810022464174e-03
6.201982145150984707e+02,1.769068659497069745e-03
6.203171021159851080e+02,1.017162263488857092e-03
6.204359910153031024e+02,4.156371466822870900e-04
6.205548812102266538e+02,-3.550669092264043225e-05
6.206737726979300760e+02,2.652558674806446029e-04
6.207926654755874551e+02,6.474749521178791280e-05
6.209115595403734460e+02,-3.863963423931396162e-04
6.210304548894619074e+02,-1.138302738401352106e-03
6.211493515200272668e+02,-1.439065296804637080e-03
6.212682494292439515e+02,2.151287744134304134e-04
6.213871486142859339e+02,-8.876672730652812940e-04
6.215060490723278690e+02,-6.871589007964246446e-04
6.216249508005437292e+02,3.655100536150729276e-04
6.217438537961078282e+02,-7.874130869308529693e-04
6.218627580561944797e+02,-4.615869819939608597e-04
6.219816635779779972e+02,-1.489192389871851242e-03
6.221005703586326945e+02,7.915903446863933619e-04
6.222194783953327715e+02,4.407006932158941711e-04
6.223383876852524281e+02,-1.038048552266923781e-03
6.224572982255660918e+02,-4.114598889267466974e-04
6.225762100134478487e+02,-5.618411681283892387e-04
6.226951230460721263e+02,7.915903446863933619e-04
6.228140373206131244e+02,-9.628579126661025375e-04
6.229329528342451567e+02,-1.357608770570687773e-04
6.230518695841425370e+02,-2.861421562587112915e-04
6.231707875674794650e+02,-1.163366284934959187e-03
6.232897067814301408e+02,-1.464128843338244161e-03
6.234086272231689918e+02,-1.238556924535780430e-03
6.235275488898702179e+02,4.407006932158941711e-04
6.236464717787081327e+02,-8.375401799980671316e-04
6.237653958868569362e+02,-7.122224473300317257e-04
6.238843212114909420e+02,-1.213493378002173349e-03
6.240032477497844638e+02,1.518433194160998716e-03
6.241221754989117017e+02,-1.614510122539886865e-03
6.242411044560469691e+02,1.568560287228212878e-03
6.243600346183645797e+02,-2.360150631914971020e-04
6.244789659830387336e+02,1.042225810022464174e-03
6.245978985472436307e+02,-6.057023745624751343e-05
6.247168323081536982e+02,1.399381348126091699e-04
6.248357672629432500e+02,-9.879214591997096187e-04
6.249547034087863722e+02,6.474749521178791280e-05
6.250736407428573784e+02,3.404465070814658464e-04
6.251925792623308098e+02,-7.372859938636388069e-04
6.253115189643804115e+02,1.017162263488857092e-03
6.254304598461810656e+02,8.667809842872146054e-04
6.255494019049065173e+02,8.981104174539499398e-05
6.256683451377314213e+02,-1.012985005733316700e-03
6.257872895418297503e+02,-7.874130869308529693e-04
6.259062351143760452e+02,1.292861275358534985e-03
6.260251818525443923e+02,-1.357608770570687773e-04
6.261441297535091053e+02,1.668814473362641420e-03
6.262630788144444978e+02,-6.370318077292104822e-04
6.263820290325249971e+02,1.148745882790020752e-04
6.265009804049245759e+02,-1.138302738401352106e-03
6.266199329288176614e+02,2.652558674806446029e-04
6.267388866013784536e+02,-2.360150631914971020e-04
6.268578414197812663e+02,8.918445308208216866e-04
6.269767973812004129e+02,1.092352903089678336e-03
6.270957544828102073e+02,1.117416449623285417e-03
6.272147127217847355e+02,-1.106973305234616826e-04
6.273336720952984251e+02,1.142479996156892498e-03
6.274526326005254759e+02,-8.375401799980671316e-04
6.275715942346402016e+02,1.092352903089678336e-03
6.276905569948169159e+02,-7.372859938636388069e-04
6.278095208782298187e+02,-8.626037265316742128e-04
6.279284858820532236e+02,1.148745882790020752e-04
6.280474520034613306e+02,-1.858879701242829397e-04
6.281664192396285671e+02,-5.618411681283892387e-04
6.282853875877290193e+02,-1.357608770570687773e-04
6.284043570449371146e+02,-1.038048552266923781e-03
6.285233276084270528e+02,1.267797728824927904e-03
6.286422992753730341e+02,-2.642115530417777410e-03
6.287612720429494857e+02,-2.109515166578900208e-04
6.288802459083306076e+02,2.652558674806446029e-04
6.289992208686907134e+02,1.650016813462162511e-04
6.291181969212040030e+02,1.267797728824927904e-03
6.292371740630447903e+02,6.412090654847508748e-04
6.293561522913873887e+02,-1.858879701242829397e-04
6.294751316034057709e+02,-5.618411681283892387e-04
6.295941119962747052e+02,-1.038048552266923781e-03
6.297130934671681644e+02,-1.539319482939065405e-03
6.298320760132605756e+02,-1.608244235906758585e-04
6.299510596317259115e+02,3.153829605478587652e-04
6.300700443197388267e+02,1.399381348126091699e-04
6.301890300744732940e+02,-1.608244235906758585e-04
6.303080168931037406e+02,1.900652278798233322e-04
6.304270047728044801e+02,1.769068659497069745e-03
6.305459937107495989e+02,-1.840082041342350596e-03
6.306649837041136379e+02,1.017162263488857092e-03
6.307839747500705698e+02,2.401923209470374946e-04
6.309029668457949356e+02,5.660184258839296313e-04
6.310219599884608215e+02,-1.213493378002173349e-03
6.311409541752425412e+02,1.393115461492963310e-03
6.312599494033144083e+02,3.968394867818082484e-05
6.313789456698507365e+02,2.245276043635604287e-03
6.314979429720256121e+02,-1.514255936405458323e-03
6.316169413070135761e+02,-5.618411681283892387e-04
6.317359406719887147e+02,-6.370318077292104822e-04
6.318549410641253417e+02,2.903194140142516841e-04
6.319739424805977706e+02,2.151287744134304134e-04
6.320929449185802014e+02,1.148745882790020752e-04
6.322119483752469478e+02,4.908277862831083877e-04
6.323309528477723234e+02,-7.122224473300317257e-04
6.324499583333305281e+02,-1.714764308674315190e-03
6.325689648290958758e+02,7.665267981527862807e-04
6.326879723322426798e+02,-1.764891401741529352e-03
6.328069808399450267e+02,4.657642397495012523e-04
6.329259903493774573e+02,6.474749521178791280e-05
6.330450008577140579e+02,-8.876672730652812940e-04
6.331640123621291423e+02,-1.464128843338244161e-03
6.332830248597971377e+02,1.744005112963462664e-03
6.334020383478921303e+02,-1.639573669073493946e-03
6.335210528235883203e+02,1.368051914959356229e-03
6.336400682840601348e+02,-1.439065296804637080e-03
6.337590847264818876e+02,-6.620953542628175634e-04
6.338781021480277786e+02,-9.879214591997096187e-04
6.339971205458721215e+02,3.153829605478587652e-04
6.341161399171890025e+02,-1.288684017602994593e-03
6.342351602591529627e+02,-5.367776215947821575e-04
6.343541815689380883e+02,6.913361585519650371e-04
6.344732038437186930e+02,2.270339590169211368e-03
6.345922270806690904e+02,1.650016813462162511e-04
6.347112512769635941e+02,-1.514255936405458323e-03
6.348302764297764043e+02,6.662726120183579560e-04
6.349493025362818344e+02,1.192607089224106661e-03
6.350683295936540844e+02,-7.372859938636388069e-04
6.351873575990675818e+02,-2.360150631914971020e-04
6.353063865496962990e+02,-1.608244235906758585e-04
6.354254164427147771e+02,6.412090654847508748e-04
6.355444472752973297e+02,-1.689700762140708109e-03
6.356634790446180432e+02,1.900652278798233322e-04
6.357825117478512311e+02,-1.357608770570687773e-04
6.359015453821712072e+02,3.404465070814658464e-04
6.360205799447522850e+02,-3.613327958595325350e-04
6.361396154327686645e+02,-2.360150631914971020e-04
6.362586518433946594e+02,1.267797728824927904e-03
6.363776891738045833e+02,1.167543542690499580e-03
6.364967274211725226e+02,-9.127308195988883752e-04
6.366157665826729044e+02,4.156371466822870900e-04
6.367348066554800425e+02,-9.628579126661025375e-04
6.368538476367680232e+02,-1.589446576006279567e-03
6.369728895237113875e+02,-3.550669092264043225e-05
6.370919323134842216e+02,3.404465070814658464e-04
6.372109760032608392e+02,-1.338811110670208755e-03
6.373300205902155540e+02,-5.117140750611750763e-04
6.374490660715225658e+02,7.665267981527862807e-04
6.375681124443560748e+02,-2.861421562587112915e-04
6.376871597058905081e+02,-1.589446576006279567e-03
6.378062078533001795e+02,6.662726120183579560e-04
6.379252568837591753e+02,6.412090654847508748e-04
6.380443067944420363e+02,1.242734182291320823e-03
6.381633575825226217e+02,-7.372859938636388069e-04
6.382824092451755860e+02,5.409548793503225501e-04
6.384014617795751292e+02,-1.789954948275136433e-03
6.385205151828953376e+02,4.407006932158941711e-04
6.386395694523106386e+02,-1.106973305234616826e-04
6.387586245849952320e+02,-1.614510122539886865e-03
6.388776805781235453e+02,-2.241098785880063678e-03
6.389967374288696647e+02,-1.608244235906758585e-04
6.391157951344080175e+02,3.153829605478587652e-04
6.392348536919126900e+02,4.407006932158941711e-04
6.393539130985581096e+02,-2.040590413611207028e-03
6.394729733515184762e+02,-6.871589007964246446e-04
6.395920344479682171e+02,-1.439065296804637080e-03
6.397110963850811913e+02,1.919449938698712232e-03
6.398301591600322809e+02,1.900652278798233322e-04
6.399492227699952309e+02,-1.288684017602994593e-03
6.400682872121444689e+02,-8.563378398985460138e-05
6.401873524836544220e+02,-2.109515166578900208e-04
6.403064185816992904e+02,-1.539319482939065405e-03
6.404254855034532739e+02,3.968394867818082484e-05
6.405445532460907998e+02,1.017162263488857092e-03
6.406636218067858408e+02,1.242734182291320823e-03
6.407826911827129379e+02,1.650016813462162511e-04
6.409017613710462911e+02,2.145021857501175962e-03
6.410208323689601002e+02,-5.117140750611750763e-04
6.411399041736287927e+02,-2.360150631914971020e-04
6.412589767822265685e+02,3.153829605478587652e-04
6.413780501919276276e+02,8.417174377536075242e-04
6.414971243999063972e+02,2.652558674806446029e-04
6.416161994033368501e+02,5.910819724175367124e-04
6.417352751993935271e+02,2.401923209470374946e-04
6.418543517852508558e+02,-1.357608770570687773e-04
6.419734291580825811e+02,-7.874130869308529693e-04
6.420925073150634717e+02,4.657642397495012523e-04
6.422115862533676136e+02,4.156371466822870900e-04
6.423306659701692070e+02,9.419716238880358489e-04
6.424497464626426790e+02,-1.514255936405458323e-03
6.425688277279621161e+02,-5.367776215947821575e-04
6.426879097633019455e+02,1.462040214457373858e-05
6.428069925658364809e+02,3.905736001486800088e-04
6.429260761327398086e+02,1.042225810022464174e-03
6.430451604611862422e+02,6.913361585519650371e-04
6.431642455483502090e+02,-2.610786097251042103e-04
6.432833313914059090e+02,1.217670635757713742e-03
6.434024179875275422e+02,2.401923209470374946e-04
6.435215053338893085e+02,1.650016813462162511e-04
6.436405934276658627e+02,-6.370318077292104822e-04
6.437596822660309499e+02,1.242734182291320823e-03
6.438787718461593386e+02,1.650016813462162511e-04
6.439978621652248876e+02,-6.057023745624751343e-05
6.441169532204022516e+02,-1.138302738401352106e-03
6.442360450088654034e+02,-1.044314438903334599e-05
6.443551375277886564e+02,-6.057023745624751343e-05
6.444742307743464380e+02,-1.338811110670208755e-03
6.445933247457129482e+02,-4.615869819939608597e-04
6.447124194390623870e+02,6.662726120183579560e-04
6.448315148515691817e+02,-1.038048552266923781e-03
6.449506109804074185e+02,-2.610786097251042103e-04
6.450697078227514112e+02,-1.044314438903334599e-05
6.451888053757755870e+02,8.166538912200004430e-04
6.453079036366540322e+02,-1.357608770570687773e-04
6.454270026025611742e+02,-7.623495403972458881e-04
6.455461022706710992e+02,9.670351704216429301e-04
6.456652026381583482e+02,-8.375401799980671316e-04
6.457843037021968939e+02,-3.550669092264043225e-05
6.459034054599612773e+02,8.981104174539499398e-05
6.460225079086255846e+02,-7.122224473300317257e-04
6.461416110453642432e+02,-4.615869819939608597e-04
6.462607148673513393e+02,-1.965399774010385785e-03
6.463798193717613003e+02,-3.863963423931396162e-04
6.464989245557683262e+02,-5.618411681283892387e-04
6.466180304165466168e+02,4.407006932158941711e-04
6.467371369512707133e+02,3.404465070814658464e-04
6.468562441571145882e+02,-1.044314438903334599e-05
6.469753520312526689e+02,-3.550669092264043225e-05
6.470944605708591553e+02,7.665267981527862807e-04
6.472135697731084747e+02,-1.088175645334137943e-03
6.473326796351745998e+02,6.474749521178791280e-05
6.474517901542321852e+02,9.169080773544287678e-04
6.475709013274552035e+02,-2.360150631914971020e-04
6.476900131520180821e+02,-1.012985005733316700e-03
6.478091256250950210e+02,2.320466683236425531e-03
6.479282387438602200e+02,-2.109515166578900208e-04
6.480473525054881065e+02,4.156371466822870900e-04
6.481664669071529943e+02,-1.965399774010385785e-03
6.482855819460289695e+02,6.474749521178791280e-05
6.484046976192904594e+02,-7.372859938636388069e-04
6.485238139241116642e+02,6.913361585519650371e-04
6.486429308576668973e+02,-1.357608770570687773e-04
6.487620484171302451e+02,1.769068659497069745e-03
6.488811665996762486e+02,-6.620953542628175634e-04
6.490002854024789940e+02,5.910819724175367124e-04
6.491194048227129088e+02,-1.689700762140708109e-03
6.492385248575521928e+02,1.650016813462162511e-04
6.493576455041710460e+02,-7.122224473300317257e-04
6.494767667597438958e+02,-3.550669092264043225e-05
6.495958886214448285e+02,-1.639573669073493946e-03
6.497150110864482713e+02,-3.362692493259254538e-04
6.498341341519284242e+02,1.148745882790020752e-04
6.499532578150596009e+02,6.474749521178791280e-05
6.500723820730160014e+02,-7.623495403972458881e-04
6.501915069229719393e+02,8.667809842872146054e-04
6.503106323621018419e+02,3.655100536150729276e-04
6.504297583875795681e+02,1.650016813462162511e-04
6.505488849965798863e+02,-9.628579126661025375e-04
6.506680121862767692e+02,2.151287744134304134e-04
6.507871399538446440e+02,5.660184258839296313e-04
6.509062682964574833e+02,9.670351704216429301e-04
6.510253972112900556e+02,4.908277862831083877e-04
6.511445266955161060e+02,-1.012985005733316700e-03
6.512636567463102892e+02,1.900652278798233322e-04
6.513827873608468053e+02,-1.106973305234616826e-04
6.515019185362998542e+02,-9.377943661324954563e-04
6.516210502698436358e+02,1.399381348126091699e-04
6.517401825586525774e+02,3.905736001486800088e-04
6.518593153999008791e+02,9.169080773544287678e-04
6.519784487907627408e+02,-4.365234354603537785e-04
6.520975827284125899e+02,8.166538912200004430e-04
6.522167172100246262e+02,1.192607089224106661e-03
6.523358522327730498e+02,-1.514255936405458323e-03
6.524549877938322879e+02,7.163997050855721183e-04
6.525741238903765407e+02,-3.112057027923183727e-04
6.526932605195800079e+02,-1.965399774010385785e-03
6.528123976786171170e+02,-2.109515166578900208e-04
6.529315353646620679e+02,5.158913328167154689e-04
6.530506735748890605e+02,-1.990463320543992866e-03
6.531698123064722949e+02,7.163997050855721183e-04
6.532889515565864258e+02,-2.441607158148920761e-03
6.534080913224051983e+02,8.918445308208216866e-04
6.535272316011033809e+02,-6.620953542628175634e-04
6.536463723898550597e+02,-2.360150631914971020e-04
6.537655136858343212e+02,-1.138302738401352106e-03
6.538846554862155926e+02,3.404465070814658464e-04
6.540037977881731877e+02,3.968394867818082484e-05
6.541229405888814199e+02,8.417174377536075242e-04
6.542420838855143757e+02,-1.764891401741529352e-03
6.543612276752464822e+02,-1.012985005733316700e-03
6.544803719552519397e+02,2.401923209470374946e-04
6.545995167227050615e+02,4.657642397495012523e-04
6.547186619747801615e+02,-8.876672730652812940e-04
6.548378077086513258e+02,-1.357608770570687773e-04
6.549569539214930955e+02,-4.114598889267466974e-04
6.550761006104794433e+02,7.414632516191791995e-04
6.551952477727850237e+02,2.903194140142516841e-04
6.553143954055836957e+02,5.158913328167154689e-04
6.554335435060500004e+02,-2.190971692812849515e-03
6.555526920713581376e+02,-4.114598889267466974e-04
6.556718410986823073e+02,8.981104174539499398e-05
6.557909905851970507e+02,-6.057023745624751343e-05
6.559101405280762265e+02,-3.362692493259254538e-04
6.560292909244944894e+02,-4.365234354603537785e-04
6.561484417716258122e+02,-3.863963423931396162e-04
6.562675930666447357e+02,-5.367776215947821575e-04
6.563867448067253463e+02,-1.840082041342350596e-03
6.565058969890419576e+02,5.158913328167154689e-04
6.566250496107688832e+02,1.650016813462162511e-04
6.567442026690803232e+02,-5.367776215947821575e-04
6.568633561611507048e+02,3.655100536150729276e-04
6.569825100841541143e+02,1.493369647627391635e-03
6.571016644352648655e+02,-2.241098785880063678e-03
6.572208192116573855e+02,-8.563378398985460138e-05
6.573399744105058744e+02,-1.044314438903334599e-05
6.574591300289844185e+02,9.169080773544287678e-04
6.575782860642675587e+02,1.017162263488857092e-03
6.576974425135292677e+02,8.667809842872146054e-04
6.578165993739442001e+02,-6.370318077292104822e-04
6.579357566426863286e+02,-4.866505285275679409e-04
6.580549143169299668e+02,-4.615869819939608597e-04
6.581740723938494284e+02,3.153829605478587652e-04
6.582932308706192543e+02,-1.363874657203815836e-03
6.584123897444131899e+02,4.407006932158941711e-04
6.585315490124058897e+02,6.474749521178791280e-05
6.586507086717715538e+02,5.910819724175367124e-04
6.587698687196843821e+02,-6.370318077292104822e-04
6.588890291533186883e+02,1.718941566429855582e-03
6.590081899698487859e+02,-3.112057027923183727e-04
6.591273511664487614e+02,-1.608244235906758585e-04
6.592465127402931557e+02,1.462040214457373858e-05
6.593656746885561688e+02,8.667809842872146054e-04
6.594848370084118869e+02,-4.615869819939608597e-04
6.596039996970348511e+02,2.652558674806446029e-04
6.597231627515991477e+02,-3.550669092264043225e-05
6.598423261692792039e+02,-1.414001750271029999e-03
6.599614899472489924e+02,7.163997050855721183e-04
6.600806540826831679e+02,3.968394867818082484e-05
6.601998185727557029e+02,-8.876672730652812940e-04
6.603189834146411386e+02,-7.122224473300317257e-04
6.604381486055134474e+02,-3.550669092264043225e-05
6.605573141425471704e+02,9.419716238880358489e-04
6.606764800229163939e+02,9.169080773544287678e-04
6.607956462437955452e+02,1.148745882790020752e-04
6.609148128023587105e+02,-1.363874657203815836e-03
6.610339796957803173e+02,1.819195752564283907e-03
6.611531469212345655e+02,-3.613327958595325350e-04
6.612723144758958824e+02,1.067289356556071255e-03
6.613914823569382406e+02,-2.109515166578900208e-04
6.615106505615360675e+02,-2.216035239346456596e-03
6.616298190868637903e+02,1.242734182291320823e-03
6.617489879300956090e+02,1.668814473362641420e-03
6.618681570884054963e+02,3.153829605478587652e-04
6.619873265589681068e+02,-4.114598889267466974e-04
6.621064963389575269e+02,4.657642397495012523e-04
6.622256664255480700e+02,-3.550669092264043225e-05
6.623448368159140500e+02,6.662726120183579560e-04
6.624640075072296668e+02,8.417174377536075242e-04
6.625831784966692339e+02,-1.489192389871851242e-03
6.627023497814070652e+02,4.657642397495012523e-04
6.628215213586172467e+02,-2.216035239346456596e-03
6.629406932254742060e+02,1.643750926829034339e-03
6.630598653791523702e+02,-3.613327958595325350e-04
6.631790378168257121e+02,-2.109515166578900208e-04
6.632982105356686588e+02,1.518433194160998716e-03
6.634173835328554105e+02,-1.263620471069387512e-03
6.635365568055603944e+02,-1.840082041342350596e-03
6.636557303509578105e+02,-9.879214591997096187e-04
6.637749041662217451e+02,-1.439065296804637080e-03
6.638940782485267391e+02,3.968394867818082484e-05
6.640132525950468789e+02,-2.692242623484991573e-03
6.641324272029564781e+02,6.662726120183579560e-04
6.642516020694299641e+02,1.217670635757713742e-03
6.643707771916414231e+02,6.474749521178791280e-05
6.644899525667651687e+02,-4.866505285275679409e-04
6.646091281919755147e+02,-3.112057027923183727e-04
6.647283040644467746e+02,-1.038048552266923781e-03
6.648474801813531485e+02,-1.363874657203815836e-03
6.649666565398688363e+02,7.665267981527862807e-04
6.650858331371682652e+02,-5.117140750611750763e-04
6.652050099704256354e+02,-3.863963423931396162e-04
6.653241870368152604e+02,1.399381348126091699e-04
6.654433643335113402e+02,-1.263620471069387512e-03
6.655625418576883021e+02,-3.863963423931396162e-04
6.656817196065201188e+02,-7.874130869308529693e-04
6.658008975771813311e+02,1.117416449623285417e-03
6.659200757668461392e+02,-9.127308195988883752e-04
6.660392541726888567e+02,2.596165695106103424e-03
6.661584327918835697e+02,-2.109515166578900208e-04
6.662776116216048194e+02,-5.869047146619963198e-04
6.663967906590266921e+02,-1.163366284934959187e-03
6.665159699013236150e+02,-1.357608770570687773e-04
6.666351493456695607e+02,-2.610786097251042103e-04
6.667543289892391840e+02,-7.372859938636388069e-04
6.668735088292064574e+02,1.650016813462162511e-04
6.669926888627459221e+02,-4.615869819939608597e-04
6.671118690870316641e+02,-5.618411681283892387e-04
6.672310494992378835e+02,-8.124766334644600504e-04
6.673502300965390077e+02,-1.357608770570687773e-04
6.674694108761093503e+02,1.894386392165105151e-03
6.675885918351229975e+02,-8.876672730652812940e-04
6.677077729707543767e+02,-5.618411681283892387e-04
6.678269542801778016e+02,-6.620953542628175634e-04
6.679461357605673584e+02,8.667809842872146054e-04
6.680653174090973607e+02,-4.365234354603537785e-04
6.681844992229422360e+02,-3.863963423931396162e-04
6.683036811992761841e+02,2.903194140142516841e-04
6.684228633352734050e+02,-6.057023745624751343e-05
6.685420456281082124e+02,1.217670635757713742e-03
6.686612280749548063e+02,2.401923209470374946e-04
6.687804106729877276e+02,-2.065653960144814109e-03
6.688995934193809489e+02,-1.163366284934959187e-03
6.690187763113087840e+02,-5.869047146619963198e-04
6.691379593459457737e+02,-1.288684017602994593e-03
6.692571425204657771e+02,-1.764891401741529352e-03
6.693763258320434488e+02,6.474749521178791280e-05
6.694955092778528751e+02,3.968394867818082484e-05
6.696146928550683697e+02,-6.620953542628175634e-04
6.697338765608640188e+02,-2.341352972014492002e-03
6.698530603924144771e+02,3.905736001486800088e-04
6.699722443468937172e+02,-1.858879701242829397e-04
6.700914284214761665e+02,-2.109515166578900208e-04
6.702106126133359112e+02,3.153829605478587652e-04
6.703297969196473787e+02,1.650016813462162511e-04
6.704489813375848826e+02,-1.044314438903334599e-05
6.705681658643225092e+02,-3.362692493259254538e-04
6.706873504970346858e+02,5.660184258839296313e-04
6.708065352328958397e+02,-9.377943661324954563e-04
6.709257200690798300e+02,4.657642397495012523e-04
6.710449050027611975e+02,1.242734182291320823e-03
6.711640900311141422e+02,-1.357608770570687773e-04
6.712832751513129779e+02,4.156371466822870900e-04
6.714024603605320181e+02,7.163997050855721183e-04
6.715216456559453491e+02,-9.127308195988883752e-04
6.716408310347275119e+02,-1.263620471069387512e-03
6.717600164940525929e+02,-6.057023745624751343e-05
6.718792020310950193e+02,4.156371466822870900e-04
6.719983876430287637e+02,8.417174377536075242e-04
6.721175733270283672e+02,-1.012985005733316700e-03
6.722367590802680297e+02,-6.370318077292104822e-04
6.723559448999220649e+02,-2.090717506678421191e-03
6.724751307831646727e+02,1.267797728824927904e-03
6.725943167271701668e+02,-5.618411681283892387e-04
6.727135027291128608e+02,8.918445308208216866e-04
6.728326887861669547e+02,-8.876672730652812940e-04
6.729518748955066485e+02,3.905736001486800088e-04
6.730710610543063694e+02,-8.375401799980671316e-04
6.731902472597403175e+02,8.417174377536075242e-04
6.733094335089828064e+02,-2.416543611615313680e-03
6.734286197992081497e+02,-2.216035239346456596e-03
6.735478061275904338e+02,-1.608244235906758585e-04
6.736669924913041996e+02,-1.038048552266923781e-03
6.737861788875234197e+02,-1.539319482939065405e-03
6.739053653134226352e+02,-6.119682611956034010e-04
6.740245517661759322e+02,-2.610786097251042103e-04
6.741437382429576246e+02,1.618687380295427258e-03
6.742629247409421396e+02,-1.589446576006279567e-03
6.743821112573035634e+02,-2.065653960144814109e-03
6.745012977892162098e+02,-6.620953542628175634e-04
6.746204843338543924e+02,1.819195752564283907e-03
6.747396708883924248e+02,1.443242554560177473e-03
6.748588574500045070e+02,-1.012985005733316700e-03
6.749780440158648389e+02,-7.372859938636388069e-04
6.750972305831478479e+02,6.412090654847508748e-04
6.752164171490278477e+02,-1.840082041342350596e-03
6.753356037106788108e+02,6.662726120183579560e-04
6.754547902652752782e+02,2.652558674806446029e-04
6.755739768099914500e+02,8.667809842872146054e-04
6.756931633420015260e+02,-1.163366284934959187e-03
6.758123498584800473e+02,6.161455189511437936e-04
6.759315363566008728e+02,-4.114598889267466974e-04
6.760507228335386571e+02,-2.360150631914971020e-04
6.761699092864674867e+02,-1.288684017602994593e-03
6.762890957125616751e+02,8.981104174539499398e-05
6.764082821089953086e+02,-7.372859938636388069e-04
6.765274684729430419e+02,2.652558674806446029e-04
6.766466548015788476e+02,-3.613327958595325350e-04
6.767658410920770393e+02,-2.360150631914971020e-04
6.768850273416119308e+02,7.665267981527862807e-04
6.770042135473579492e+02,1.017162263488857092e-03
6.771233997064891810e+02,-1.213493378002173349e-03
6.772425858161798260e+02,7.915903446863933619e-04
6.773617718736043116e+02,-8.124766334644600504e-04
6.774809578759369515e+02,-6.620953542628175634e-04
6.776001438203518319e+02,1.092352903089678336e-03
6.777193297040233801e+02,-1.288684017602994593e-03
6.778385155241257962e+02,2.401923209470374946e-04
6.779577012778333938e+02,-8.626037265316742128e-04
6.780768869623204864e+02,6.474749521178791280e-05
6.781960725747612742e+02,7.665267981527862807e-04
6.783152581123299569e+02,-1.357608770570687773e-04
6.784344435722009621e+02,6.474749521178791280e-05
6.785536289515484896e+02,-1.038048552266923781e-03
6.786728142475467394e+02,4.407006932158941711e-04
6.787919994573702525e+02,-7.874130869308529693e-04
6.789111845781930015e+02,5.158913328167154689e-04
6.790303696071894137e+02,-6.620953542628175634e-04
6.791495545415336892e+02,-2.109515166578900208e-04
6.792687393784001415e+02,-1.539319482939065405e-03
6.793879241149629706e+02,-5.117140750611750763e-04
6.795071087483966039e+02,5.910819724175367124e-04
6.796262932758751276e+02,6.474749521178791280e-05
6.797454776945730828e+02,-1.113239191867745025e-03
6.798646620016643283e+02,-6.871589007964246446e-04
6.799838461943236325e+02,7.414632516191791995e-04
6.801030302697248544e+02,-6.620953542628175634e-04
6.802222142250424213e+02,8.417174377536075242e-04
6.803413980574507605e+02,3.655100536150729276e-04
6.804605817641238446e+02,6.474749521178791280e-05
6.805797653422362146e+02,-1.038048552266923781e-03
6.806989487889618431e+02,-9.127308195988883752e-04
6.808181321014753848e+02,6.662726120183579560e-04
6.809373152769508124e+02,1.148745882790020752e-04
6.810564983125625531e+02,3.905736001486800088e-04
6.811756812054848069e+02,5.409548793503225501e-04
6.812948639528920012e+02,4.908277862831083877e-04
6.814140465519581085e+02,1.399381348126091699e-04
6.815332289998575561e+02,-5.117140750611750763e-04
6.816524112937647715e+02,-7.874130869308529693e-04
6.817715934308537271e+02,-1.106973305234616826e-04
6.818907754082990778e+02,1.192607089224106661e-03
6.820099572232746823e+02,3.404465070814658464e-04
6.821291388729550818e+02,1.092352903089678336e-03
6.822483203545145898e+02,3.404465070814658464e-04
6.823675016651270653e+02,1.067289356556071255e-03
6.824866828019673903e+02,-1.439065296804637080e-03
6.826058637622094238e+02,-1.689700762140708109e-03
6.827250445430274794e+02,-2.491734251216134923e-03
6.828442251415958708e+02,-2.610786097251042103e-04
6.829634055550890253e+02,-3.362692493259254538e-04
6.830825857806810291e+02,-7.623495403972458881e-04
6.832017658155461959e+02,2.401923209470374946e-04
6.833209456568588394e+02,-8.876672730652812940e-04
6.834401253017931595e+02,2.903194140142516841e-04
6.835593047475235835e+02,1.017162263488857092e-03
6.836784839912241978e+02,-1.739827855207922271e-03
6.837976630300693159e+02,1.418179008026570391e-03
6.839168418612332516e+02,1.042225810022464174e-03
6.840360204818903185e+02,9.670351704216429301e-04
6.841551988892149438e+02,-9.628579126661025375e-04
6.842743770803808729e+02,-6.057023745624751343e-05
6.843935550525629878e+02,-4.615869819939608597e-04
6.845127328029350338e+02,-9.377943661324954563e-04
6.846319103286716654e+02,1.399381348126091699e-04
6.847510876269470828e+02,-1.106973305234616826e-04
6.848702646949354857e+02,-3.550669092264043225e-05
6.849894415298110744e+02,6.662726120183579560e-04
6.851086181287482759e+02,-2.040590413611207028e-03
6.852277944889212904e+02,-1.357608770570687773e-04
6.853469706075043177e+02,-8.626037265316742128e-04
6.854661464816717853e+02,1.643750926829034339e-03
6.855853221085978930e+02,-6.370318077292104822e-04
6.857044974854568409e+02,-1.815018494808743514e-03
6.858236726094230562e+02,-9.127308195988883752e-04
6.859428474776707390e+02,5.409548793503225501e-04
6.860620220873740891e+02,-6.620953542628175634e-04
6.861811964357075340e+02,-3.550669092264043225e-05
6.863003705198451598e+02,-4.365234354603537785e-04
6.864195443369613940e+02,-8.563378398985460138e-05
6.865387178842304365e+02,-1.539319482939065405e-03
6.866578911588266010e+02,1.819195752564283907e-03
6.867770641579240873e+02,1.317924821892142067e-03
6.868962368786972092e+02,7.665267981527862807e-04
6.870154093183202804e+02,-2.591988437350563248e-03
6.871345814739675006e+02,-4.114598889267466974e-04
6.872537533428132974e+02,-1.063112098800530862e-03
6.873729249220317570e+02,-4.866505285275679409e-04
6.874920962087971930e+02,-7.122224473300317257e-04
6.876112672002839190e+02,8.166538912200004430e-04
6.877304378936662488e+02,1.543496740694605797e-03
6.878496082861183822e+02,1.242734182291320823e-03
6.879687783748146330e+02,-7.623495403972458881e-04
6.880879481569293148e+02,-6.057023745624751343e-05
6.882071176296365138e+02,1.869322845631498069e-03
6.883262867901106574e+02,-6.119682611956034010e-04
6.884454556355260593e+02,-3.362692493259254538e-04
6.885646241630569193e+02,6.662726120183579560e-04
6.886837923698774375e+02,-1.213493378002173349e-03
6.888029602531620412e+02,5.409548793503225501e-04
6.889221278100849304e+02,-5.117140750611750763e-04
6.890412950378204187e+02,1.342988368425749148e-03
6.891604619335425923e+02,-1.357608770570687773e-04
6.892796284944259924e+02,-3.112057027923183727e-04
6.893987947176447051e+02,-6.057023745624751343e-05
6.895179606003730441e+02,1.117416449623285417e-03
6.896371261397853232e+02,5.158913328167154689e-04
6.897562913330559695e+02,7.163997050855721183e-04
6.898754561773589558e+02,-4.866505285275679409e-04
6.899946206698685955e+02,-7.372859938636388069e-04
6.901137848077593162e+02,-7.372859938636388069e-04
6.902329485882053177e+02,9.670351704216429301e-04
6.903521120083810274e+02,-2.165908146279242434e-03
6.904712750654603042e+02,8.667809842872146054e-04
6.905904377566178027e+02,-2.861421562587112915e-04
6.907096000790277230e+02,4.908277862831083877e-04
6.908287620298643787e+02,-1.388938203737422918e-03
6.909479236063018561e+02,-2.610786097251042103e-04
6.910670848055144688e+02,-2.360150631914971020e-04
6.911862456246767579e+02,1.242734182291320823e-03
6.913054060609625822e+02,1.650016813462162511e-04
6.914245661115464827e+02,6.412090654847508748e-04
6.915437257736027732e+02,6.474749521178791280e-05
6.916628850443055399e+02,-8.375401799980671316e-04
6.917820439208292100e+02,-1.338811110670208755e-03
6.919012024003478700e+02,-1.138302738401352106e-03
6.920203604800360608e+02,-3.112057027923183727e-04
6.921395181570678687e+02,1.643750926829034339e-03
6.922586754286174937e+02,1.462040214457373858e-05
6.923778322918594768e+02,-1.357608770570687773e-04
6.924969887439677905e+02,8.417174377536075242e-04
6.926161447821168622e+02,1.543496740694605797e-03
6.927353004034810056e+02,-8.563378398985460138e-05
6.928544556052345342e+02,-3.362692493259254538e-04
6.929736103845515345e+02,4.657642397495012523e-04
6.930927647386064336e+02,-3.613327958595325350e-04
6.932119186645734317e+02,3.905736001486800088e-04
6.933310721596267285e+02,5.910819724175367124e-04
6.934502252209407516e+02,8.417174377536075242e-04
6.935693778456898144e+02,-1.044314438903334599e-05
6.936885300310478897e+02,-8.626037265316742128e-04
6.938076817741895184e+02,-2.360150631914971020e-04
6.939268330722889004e+02,-7.122224473300317257e-04
6.940459839225203496e+02,-6.620953542628175634e-04
6.941651343220580657e+02,1.148745882790020752e-04
6.942842842680763624e+02,-1.414001750271029999e-03
6.944034337577495535e+02,3.968394867818082484e-05
6.945225827882518388e+02,2.195148950568390125e-03
6.946417313567574183e+02,-1.038048552266923781e-03
6.947608794604407194e+02,2.546038602038889261e-03
6.948800270964759420e+02,-2.109515166578900208e-04
6.949991742620375135e+02,-3.550669092264043225e-05
6.951183209542994064e+02,2.903194140142516841e-04
6.952374671704360480e+02,4.407006932158941711e-04
6.953566129076218658e+02,-9.127308195988883752e-04
6.954757581630308323e+02,6.474749521178791280e-05
6.955949029338374885e+02,-8.563378398985460138e-05
6.957140472172159207e+02,7.915903446863933619e-04
6.958331910103404425e+02,-7.874130869308529693e-04
6.959523343103854813e+02,1.017162263488857092e-03
6.960714771145251234e+02,-2.109515166578900208e-04
6.961906194199336824e+02,1.092352903089678336e-03
6.963097612237854719e+02,9.670351704216429301e-04
6.964289025232546919e+02,-5.869047146619963198e-04
6.965480433155157698e+02,-1.858879701242829397e-04
6.966671835977429055e+02,6.662726120183579560e-04
6.967863233671102989e+02,-6.620953542628175634e-04
6.969054626207922638e+02,-3.362692493259254538e-04
6.970246013559630001e+02,1.900652278798233322e-04
6.971437395697969350e+02,-2.610786097251042103e-04
6.972628772594682687e+02,-1.357608770570687773e-04
6.973820144221513146e+02,-7.372859938636388069e-04
6.975011510550202729e+02,1.443242554560177473e-03
6.976202871552493434e+02,9.419716238880358489e-04
6.977394227200131809e+02,-3.112057027923183727e-04
6.978585577464855305e+02,6.161455189511437936e-04
6.979776922318410470e+02,-4.365234354603537785e-04
6.980968261732537030e+02,-1.539319482939065405e-03
6.982159595678981532e+02,-9.377943661324954563e-04
6.983350924129482564e+02,-3.112057027923183727e-04
6.984542247055785538e+02,-2.109515166578900208e-04
6.985733564429633589e+02,2.903194140142516841e-04
6.986924876222767580e+02,-1.608244235906758585e-04
6.988116182406931784e+02,1.267797728824927904e-03
6.989307482953867066e+02,-1.664637215607101027e-03
6.990498777835317696e+02,6.662726120183579560e-04
6.991690067023025676e+02,1.017162263488857092e-03
6.992881350488735279e+02,8.918445308208216866e-04
6.994072628204187367e+02,8.667809842872146054e-04
6.995263900141123941e+02,-1.357608770570687773e-04
6.996455166271291546e+02,-9.628579126661025375e-04
6.997646426566428772e+02,-4.114598889267466974e-04
6.998837680998281030e+02,6.161455189511437936e-04
7.000028929538589182e+02,2.170085404034783044e-03
7.001220172159096364e+02,-7.623495403972458881e-04
7.002411408831546851e+02,-3.362692493259254538e-04
7.003602639527682641e+02,-1.044314438903334599e-05
7.004793864219245734e+02,2.401923209470374946e-04
7.005985082877978130e+02,-3.613327958595325350e-04
7.007176295475625238e+02,1.900652278798233322e-04
7.008367501983927923e+02,7.163997050855721183e-04
7.009558702374629320e+02,-3.362692493259254538e-04
7.010749896619470292e+02,5.910819724175367124e-04
7.011941084690197385e+02,-9.879214591997096187e-04
7.013132266558550327e+02,-1.915272680943171839e-03
7.014323442196273390e+02,4.407006932158941711e-04
7.015514611575108574e+02,7.414632516191791995e-04
7.016705774666799016e+02,8.918445308208216866e-04
7.017896931443086714e+02,-1.038048552266923781e-03
7.019088081875715943e+02,1.468306101093784554e-03
7.020279225936426428e+02,-2.109515166578900208e-04
7.021470363596963580e+02,9.419716238880358489e-04
7.022661494829070534e+02,6.474749521178791280e-05
7.023852619604488154e+02,-4.615869819939608597e-04
7.025043737894959577e+02,-9.879214591997096187e-04
7.026234849672227938e+02,3.968394867818082484e-05
7.027425954908035237e+02,7.163997050855721183e-04
7.028617053574125748e+02,-2.360150631914971020e-04
7.029808145642241470e+02,-1.338811110670208755e-03
7.030999231084124403e+02,1.092352903089678336e-03
7.032190309871518821e+02,-1.940336227476778920e-03
7.033381381976165585e+02,1.092352903089678336e-03
7.034572447369807833e+02,1.399381348126091699e-04
7.035763506024190974e+02,8.417174377536075242e-04
7.036954557911053598e+02,-5.367776215947821575e-04
7.038145603002139978e+02,-9.628579126661025375e-04
7.039336641269194388e+02,-1.263620471069387512e-03
7.040527672683958826e+02,8.417174377536075242e-04
7.041718697218174157e+02,-4.114598889267466974e-04
7.042909714843585789e+02,-6.620953542628175634e-04
7.044100725531934586e+02,1.900652278798233322e-04
7.045291729254963684e+02,5.910819724175367124e-04
7.046482725984415083e+02,-6.057023745624751343e-05
7.047673715692035330e+02,-6.620953542628175634e-04
7.048864698349561877e+02,-7.122224473300317257e-04
7.050055673928741271e+02,8.981104174539499398e-05
7.051246642401314375e+02,1.399381348126091699e-04
7.052437603739024325e+02,-4.114598889267466974e-04
7.053628557913614259e+02,-8.876672730652812940e-04
7.054819504896826174e+02,-6.119682611956034010e-04
7.056010444660403209e+02,-6.119682611956034010e-04
7.057201377176088499e+02,8.981104174539499398e-05
7.058392302415622908e+02,5.409548793503225501e-04
7.059583220350752981e+02,-1.138302738401352106e-03
7.060774130953217309e+02,-2.341352972014492002e-03
7.061965034194761301e+02,-4.866505285275679409e-04
7.063155930047125821e+02,-5.367776215947821575e-04
7.064346818482056278e+02,6.412090654847508748e-04
7.065537699471292399e+02,2.652558674806446029e-04
7.066728572986578456e+02,2.652558674806446029e-04
7.067919438999656450e+02,-1.238556924535780430e-03
7.069110297482270653e+02,4.407006932158941711e-04
7.070301148406160792e+02,-1.614510122539886865e-03
7.071491991743073413e+02,1.462040214457373858e-05
7.072682827464748243e+02,6.913361585519650371e-04
7.073873655542930692e+02,1.067289356556071255e-03
7.075064475949360485e+02,1.148745882790020752e-04
7.076255288655781897e+02,2.652558674806446029e-04
7.077446093633939199e+02,-4.615869819939608597e-04
7.078636890855570982e+02,-7.623495403972458881e-04
7.079827680292423793e+02,-1.739827855207922271e-03
7.081018461916239630e+02,5.409548793503225501e-04
7.082209235698760494e+02,-5.618411681283892387e-04
7.083400001611728385e+02,-6.119682611956034010e-04
7.084590759626887575e+02,5.409548793503225501e-04
7.085781509715980064e+02,8.417174377536075242e-04
7.086972251850747853e+02,-2.360150631914971020e-04
7.088162986002935213e+02,5.910819724175367124e-04
7.089353712144284145e+02,2.903194140142516841e-04
7.090544430246536649e+02,-1.489192389871851242e-03
7.091735140281436998e+02,-8.876672730652812940e-04
7.092925842220727191e+02,-1.138302738401352106e-03
7.094116536036149228e+02,-3.112057027923183727e-04
7.095307221699447382e+02,3.404465070814658464e-04
7.096497899182362517e+02,-1.357608770570687773e-04
7.097688568456638905e+02,9.670351704216429301e-04
7.098879229494018546e+02,-1.589446576006279567e-03
7.100069882266244576e+02,5.409548793503225501e-04
7.101260526745058996e+02,-5.367776215947821575e-04
7.102451162902204942e+02,-8.876672730652812940e-04
7.103641790709425550e+02,-8.626037265316742128e-04
7.104832410138462819e+02,4.908277862831083877e-04
7.106023021161061024e+02,-6.370318077292104822e-04
7.107213623748959890e+02,-1.940336227476778920e-03
7.108404217873905964e+02,-1.238556924535780430e-03
7.109594803507638971e+02,1.267797728824927904e-03
7.110785380621903187e+02,-3.112057027923183727e-04
7.111975949188440609e+02,-3.362692493259254538e-04
7.113166509178993238e+02,6.474749521178791280e-05
7.114357060565305346e+02,6.474749521178791280e-05
7.115547603319120071e+02,3.655100536150729276e-04
7.116738137412178276e+02,5.910819724175367124e-04
7.117928662816223095e+02,-3.068195821489097790e-03
7.119119179502999941e+02,8.918445308208216866e-04
7.120309687444246265e+02,1.650016813462162511e-04
7.121500186611710888e+02,5.910819724175367124e-04
7.122690676977131261e+02,-6.871589007964246446e-04
7.123881158512253933e+02,5.910819724175367124e-04
7.125071631188818628e+02,1.900652278798233322e-04
7.126262094978569621e+02,1.148745882790020752e-04
7.127452549853251185e+02,-1.113239191867745025e-03
7.128642995784603045e+02,-8.563378398985460138e-05
7.129833432744369475e+02,6.474749521178791280e-05
7.131023860704292474e+02,-2.360150631914971020e-04
7.132214279636116316e+02,1.650016813462162511e-04
7.133404689511583001e+02,-1.689700762140708109e-03
7.134595090302434528e+02,2.151287744134304134e-04
7.135785481980414033e+02,-8.876672730652812940e-04
7.136975864517264654e+02,-4.866505285275679409e-04
7.138166237884727252e+02,-4.365234354603537785e-04
7.139356602054548375e+02,3.404465070814658464e-04
7.140546956998466612e+02,-3.112057027923183727e-04
7.141737302688228510e+02,1.894386392165105151e-03
7.142927639095573795e+02,8.667809842872146054e-04
7.144117966192245603e+02,3.153829605478587652e-04
7.145308283949987072e+02,-6.057023745624751343e-05
7.146498592340542473e+02,1.393115461492963310e-03
7.147688891335652670e+02,-1.439065296804637080e-03
7.148879180907060800e+02,1.148745882790020752e-04
7.150069461026509998e+02,1.462040214457373858e-05
7.151259731665743402e+02,-1.589446576006279567e-03
7.152449992796501874e+02,2.903194140142516841e-04
7.153640244390530825e+02,-1.815018494808743514e-03
7.154830486419568842e+02,-9.377943661324954563e-04
7.156020718855363612e+02,-1.608244235906758585e-04
7.157210941669654858e+02,-2.109515166578900208e-04
7.158401154834186855e+02,1.744005112963462664e-03
7.159591358320700465e+02,1.418179008026570391e-03
7.160781552100939962e+02,2.401923209470374946e-04
7.161971736146647345e+02,6.474749521178791280e-05
7.163161910429565751e+02,-1.038048552266923781e-03
7.164352074921437179e+02,-4.615869819939608597e-04
7.165542229594004766e+02,-3.362692493259254538e-04
7.166732374419012785e+02,-7.372859938636388069e-04
7.167922509368202100e+02,-1.106973305234616826e-04
7.169112634413315845e+02,-1.263620471069387512e-03
7.170302749526096022e+02,8.417174377536075242e-04
7.171492854678286903e+02,-7.623495403972458881e-04
7.172682949841630489e+02,1.192607089224106661e-03
7.173873034987868778e+02,-6.057023745624751343e-05
7.175063110088746043e+02,-3.362692493259254538e-04
7.176253175116003149e+02,-1.263620471069387512e-03
7.177443230041385505e+02,-1.213493378002173349e-03
7.178633274836633973e+02,-1.764891401741529352e-03
7.179823309473490554e+02,1.443242554560177473e-03
7.181013333923699520e+02,3.968394867818082484e-05
7.182203348159002871e+02,-1.138302738401352106e-03
7.183393352151142608e+02,-1.789954948275136433e-03
7.184583345871863003e+02,-4.365234354603537785e-04
7.185773329292906055e+02,-1.188429831468566268e-03
7.186963302386016039e+02,9.169080773544287678e-04
7.188153265122932680e+02,-5.117140750611750763e-04
7.189343217475400252e+02,-1.088175645334137943e-03
7.190533159415161890e+02,-2.109515166578900208e-04
7.191723090913959595e+02,1.017162263488857092e-03
7.192913011943535366e+02,1.650016813462162511e-04
7.194102922475635751e+02,3.968394867818082484e-05
7.195292822481999337e+02,-5.367776215947821575e-04
7.196482711934369263e+02,-6.871589007964246446e-04
7.197672590804489801e+02,-7.122224473300317257e-04
7.198862459064102950e+02,-1.012985005733316700e-03
7.200052316684952984e+02,-1.188429831468566268e-03
7.201242163638779630e+02,7.163997050855721183e-04
7.202431999897328296e+02,6.474749521178791280e-05
7.203621825432339847e+02,3.404465070814658464e-04
7.204811640215557418e+02,-6.620953542628175634e-04
7.206001444218725283e+02,1.462040214457373858e-05
7.207191237413584304e+02,-2.040590413611207028e-03
7.208381019771877618e+02,1.017162263488857092e-03
7.209570791265350636e+02,-1.238556924535780430e-03
7.210760551865740808e+02,-1.965399774010385785e-03
7.211950301544795821e+02,1.092352903089678336e-03
7.213140040274254261e+02,-1.357608770570687773e-04
7.214329768025862677e+02,9.670351704216429301e-04
7.215519484771361931e+02,-3.112057027923183727e-04
7.216709190482494023e+02,-1.589446576006279567e-03
7.217898885131003226e+02,-2.360150631914971020e-04
7.219088568688631540e+02,-4.365234354603537785e-04
7.220278241127120964e+02,2.119958310967568881e-03
7.221467902418216909e+02,-1.608244235906758585e-04
7.222657552533657963e+02,1.267797728824927904e-03
7.223847191445190674e+02,6.412090654847508748e-04
7.225036819124554768e+02,-4.615869819939608597e-04
7.226226435543496791e+02,-7.372859938636388069e-04
7.227416040673755333e+02,5.660184258839296313e-04
7.228605634487075804e+02,-1.858879701242829397e-04
7.229795216955199066e+02,-7.372859938636388069e-04
7.230984788049869394e+02,-1.012985005733316700e-03
7.232174347742827649e+02,9.169080773544287678e-04
7.233363896005819242e+02,-3.863963423931396162e-04
7.234553432810586173e+02,-8.876672730652812940e-04
7.235742958128869304e+02,3.153829605478587652e-04
7.236932471932414046e+02,-7.122224473300317257e-04
7.238121974192958987e+02,-1.038048552266923781e-03
7.239311464882250675e+02,6.913361585519650371e-04
7.240500943972032246e+02,6.161455189511437936e-04
7.241690411434043426e+02,-3.362692493259254538e-04
7.242879867240028489e+02,-3.112057027923183727e-04
7.244069311361730570e+02,6.474749521178791280e-05
7.245258743770891670e+02,-1.113239191867745025e-03
7.246448164439254924e+02,3.655100536150729276e-04
7.247637573338561197e+02,-1.539319482939065405e-03
7.248826970440557034e+02,-9.879214591997096187e-04
7.250016355716982162e+02,-4.365234354603537785e-04
7.251205729139580853e+02,-5.117140750611750763e-04
7.252395090680095109e+02,-6.620953542628175634e-04
7.253584440310266928e+02,1.794132206030676826e-03
7.254773778001840583e+02,2.652558674806446029e-04
7.255963103726558074e+02,1.399381348126091699e-04
7.257152417456161402e+02,8.918445308208216866e-04
7.258341719162394838e+02,-9.628579126661025375e-04
7.259531008816998110e+02,1.148745882790020752e-04
7.260720286391718901e+02,2.401923209470374946e-04
7.261909551858295799e+02,1.142479996156892498e-03
7.263098805188474216e+02,6.412090654847508748e-04
7.264288046353993877e+02,-9.127308195988883752e-04
7.265477275326600193e+02,5.910819724175367124e-04
7.266666492078034025e+02,-8.375401799980671316e-04
7.267855696580039648e+02,3.968394867818082484e-05
7.269044888804359061e+02,-1.564383029472672486e-03
7.270234068722735401e+02,1.693878019896248501e-03
7.271423236306910667e+02,1.042225810022464174e-03
7.272612391528627995e+02,1.117416449623285417e-03
7.273801534359629386e+02,-1.263620471069387512e-03
7.274990664771660249e+02,6.662726120183579560e-04
7.276179782736460311e+02,-2.165908146279242434e-03
7.277368888225771570e+02,-2.109515166578900208e-04
7.278557981211340575e+02,-1.464128843338244161e-03
7.279747061664908188e+02,4.908277862831083877e-04
7.280936129558216408e+02,2.401923209470374946e-04
7.282125184863008371e+02,-7.874130869308529693e-04
7.283314227551027216e+02,4.407006932158941711e-04
7.284503257594014940e+02,1.092352903089678336e-03
7.285692274963714681e+02,-3.362692493259254538e-04
7.286881279631870711e+02,1.317924821892142067e-03
7.288070271570222758e+02,-1.489192389871851242e-03
7.289259250750515093e+02,-9.628579126661025375e-04
7.290448217144491991e+02,5.409548793503225501e-04
7.291637170723893178e+02,-1.915272680943171839e-03
7.292826111460462926e+02,-7.874130869308529693e-04
7.294015039325944372e+02,1.399381348126091699e-04
7.295203954292079516e+02,-2.867687449220241141e-03
7.296392856330610357e+02,3.968394867818082484e-05
7.297581745413282306e+02,-8.876672730652812940e-04
7.298770621511835088e+02,-3.362692493259254538e-04
7.299959484598014114e+02,-6.370318077292104822e-04
7.301148334643560247e+02,2.652558674806446029e-04
7.302337171620215486e+02,-8.563378398985460138e-05
7.303525995499724104e+02,3.153829605478587652e-04
7.304714806253829238e+02,-9.377943661324954563e-04
7.305903603854272887e+02,1.167543542690499580e-03
7.307092388272797052e+02,-5.117140750611750763e-04
7.308281159481146005e+02,5.660184258839296313e-04
7.309469917451060610e+02,2.151287744134304134e-04
7.310658662154285139e+02,4.407006932158941711e-04
7.311847393562562729e+02,-2.360150631914971020e-04
7.313036111647634243e+02,7.665267981527862807e-04
7.314224816381242817e+02,-3.362692493259254538e-04
7.315413507735133862e+02,-6.119682611956034010e-04
7.316602185681045967e+02,1.267797728824927904e-03
7.317790850190724541e+02,-9.879214591997096187e-04
7.318979501235911584e+02,6.474749521178791280e-05
7.320168138788350234e+02,2.846801160442174235e-03
7.321356762819782489e+02,-6.620953542628175634e-04
7.322545373301951486e+02,4.407006932158941711e-04
7.323733970206600361e+02,1.443242554560177473e-03
7.324922553505471114e+02,4.908277862831083877e-04
7.326111123170306882e+02,6.662726120183579560e-04
7.327299679172849665e+02,-4.866505285275679409e-04
7.328488221484843734e+02,-6.620953542628175634e-04
7.329676750078031091e+02,-1.213493378002173349e-03
7.330865264924152598e+02,-1.263620471069387512e-03
7.332053765994953665e+02,-5.618411681283892387e-04
7.333242253262176291e+02,-3.550669092264043225e-05
7.334430726697563614e+02,1.468306101093784554e-03
7.335619186272856496e+02,-2.291225878947277840e-03
7.336807631959800347e+02,1.317924821892142067e-03
7.337996063730133756e+02,3.404465070814658464e-04
7.339184481555604407e+02,1.718941566429855582e-03
7.340372885407953163e+02,-8.876672730652812940e-04
7.341561275258920887e+02,-6.871589007964246446e-04
7.342749651080251851e+02,-5.367776215947821575e-04
7.343938012843689194e+02,5.158913328167154689e-04
7.345126360520973776e+02,-9.127308195988883752e-04
7.346314694083851009e+02,3.404465070814658464e-04
7.347503013504062892e+02,6.913361585519650371e-04
7.348691318753351425e+02,1.142479996156892498e-03
7.349879609803458607e+02,-6.057023745624751343e-05
7.351067886626127574e+02,-6.370318077292104822e-04
7.352256149193102601e+02,4.657642397495012523e-04
7.353444397476125687e+02,-7.623495403972458881e-04
7.354632631446937694e+02,-4.866505285275679409e-04
7.355820851077282896e+02,6.161455189511437936e-04
7.357009056338905566e+02,-9.127308195988883752e-04
7.358197247203546567e+02,3.968394867818082484e-05
7.359385423642947899e+02,-6.057023745624751343e-05
7.360573585628853834e+02,1.650016813462162511e-04
7.361761733133007510e+02,-2.861421562587112915e-04
7.362949866127149789e+02,-4.365234354603537785e-04
7.364137984583024945e+02,-1.163366284934959187e-03
7.365326088472374977e+02,1.468306101093784554e-03
7.366514177766941884e+02,8.981104174539499398e-05
7.367702252438469941e+02,7.414632516191791995e-04
7.368890312458701146e+02,-2.109515166578900208e-04
7.370078357799378637e+02,1.994640578299533475e-03
7.371266388432244412e+02,-1.564383029472672486e-03
7.372454404329041608e+02,1.148745882790020752e-04
7.373642405461513363e+02,6.662726120183579560e-04
7.374830391801401674e+02,1.192607089224106661e-03
7.376018363320449680e+02,-1.840082041342350596e-03
7.377206319990400516e+02,1.568560287228212878e-03
7.378394261782995045e+02,1.142479996156892498e-03
7.379582188669978677e+02,-5.117140750611750763e-04
7.380770100623092276e+02,-6.057023745624751343e-05
7.381957997614078977e+02,7.665267981527862807e-04
7.383145879614680780e+02,3.655100536150729276e-04
7.384333746596643095e+02,-4.114598889267466974e-04
7.385521598531706786e+02,-6.370318077292104822e-04
7.386709435391612715e+02,3.905736001486800088e-04
7.387897257148106291e+02,3.153829605478587652e-04
7.389085063772930653e+02,-4.114598889267466974e-04
7.390272855237826661e+02,-4.365234354603537785e-04
7.391460631514537454e+02,3.404465070814658464e-04
7.392648392574806167e+02,-7.372859938636388069e-04
7.393836138390377073e+02,-1.614510122539886865e-03
7.395023868932989899e+02,3.655100536150729276e-04
7.396211584174387781e+02,6.412090654847508748e-04
7.397399284086316129e+02,-1.238556924535780430e-03
7.398586968640515806e+02,-4.866505285275679409e-04
7.399774637808727675e+02,9.670351704216429301e-04
7.400962291562698283e+02,5.910819724175367124e-04
7.402149929874168492e+02,-2.190971692812849515e-03
7.403337552714880303e+02,9.169080773544287678e-04
7.404525160056577988e+02,3.404465070814658464e-04
7.405712751871003547e+02,3.655100536150729276e-04
7.406900328129898980e+02,8.981104174539499398e-05
7.408087888805008561e+02,6.474749521178791280e-05
7.409275433868074288e+02,4.657642397495012523e-04
7.410462963290838161e+02,2.652558674806446029e-04
7.411650477045043317e+02,3.153829605478587652e-04
7.412837975102432893e+02,5.409548793503225501e-04
7.414025457434750024e+02,-9.879214591997096187e-04
7.415212924013735574e+02,-3.863963423931396162e-04
7.416400374811134952e+02,5.409548793503225501e-04
7.417587809798689023e+02,-3.362692493259254538e-04
7.418775228948140921e+02,1.443242554560177473e-03
7.419962632231233783e+02,-1.858879701242829397e-04
7.421150019619708473e+02,-1.357608770570687773e-04
7.422337391085311538e+02,4.407006932158941711e-04
7.423524746599782702e+02,-1.439065296804637080e-03
7.424712086134863966e+02,6.412090654847508748e-04
7.425899409662301878e+02,-1.539319482939065405e-03
7.427086717153835025e+02,7.665267981527862807e-04
7.428274008581208818e+02,-1.044314438903334599e-05
7.429461283916164120e+02,7.414632516191791995e-04
7.430648543130445205e+02,-7.372859938636388069e-04
7.431835786195792934e+02,1.192607089224106661e-03
7.433023013083953856e+02,6.412090654847508748e-04
7.434210223766666559e+02,1.192607089224106661e-03
7.435397418215675316e+02,-3.550669092264043225e-05
7.436584596402724401e+02,-6.370318077292104822e-04
7.437771758299552403e+02,-1.012985005733316700e-03
7.438958903877908142e+02,-5.618411681283892387e-04
7.440146033109527934e+02,-6.057023745624751343e-05
7.441333145966159464e+02,-3.863963423931396162e-04
7.442520242419542456e+02,7.915903446863933619e-04
7.443707322441421184e+02,-1.815018494808743514e-03
7.444894386003536511e+02,7.665267981527862807e-04
7.446081433077633847e+02,8.667809842872146054e-04
7.447268463635455191e+02,-2.015526867077599947e-03
7.448455477648741407e+02,-8.876672730652812940e-04
7.449642475089236768e+02,-1.858879701242829397e-04
7.450829455928684411e+02,-1.044314438903334599e-05
7.452016420138825197e+02,5.660184258839296313e-04
7.453203367691404537e+02,-9.879214591997096187e-04
7.454390298558162158e+02,2.320466683236425531e-03
7.455577212710843469e+02,-4.114598889267466974e-04
7.456764110121189333e+02,7.163997050855721183e-04
7.457950990760944023e+02,-1.288684017602994593e-03
7.459137854601849540e+02,-8.563378398985460138e-05
7.460324701615647882e+02,-9.377943661324954563e-04
7.461511531774081050e+02,-2.360150631914971020e-04
7.462698345048895590e+02,-1.188429831468566268e-03
7.463885141411831228e+02,1.242734182291320823e-03
7.465071920834629964e+02,-1.689700762140708109e-03
7.466258683289037208e+02,1.399381348126091699e-04
7.467445428746793823e+02,-1.106973305234616826e-04
7.468632157179642945e+02,-3.362692493259254538e-04
7.469818868559326575e+02,-7.372859938636388069e-04
7.471005562857588984e+02,2.903194140142516841e-04
7.472192240046172174e+02,8.981104174539499398e-05
7.473378900096819279e+02,-6.057023745624751343e-05
7.474565542981272301e+02,7.915903446863933619e-04
7.475752168671274376e+02,-3.550669092264043225e-05
7.476938777138567502e+02,-1.608244235906758585e-04
7.478125368354894817e+02,-9.127308195988883752e-04
7.479311942292000595e+02,3.655100536150729276e-04
7.480498498921624559e+02,-5.869047146619963198e-04
7.481685038215513259e+02,-5.367776215947821575e-04
7.482871560145406420e+02,1.443242554560177473e-03
7.484058064683047178e+02,1.650016813462162511e-04
7.485244551800178670e+02,-1.106973305234616826e-04
7.486431021468544031e+02,-7.874130869308529693e-04
7.487617473659886400e+02,3.153829605478587652e-04
7.488803908345946638e+02,-2.316289425480884921e-03
7.489990325498467882e+02,-4.365234354603537785e-04
7.491176725089194406e+02,-1.106973305234616826e-04
7.492363107089868208e+02,-6.620953542628175634e-04
7.493549471472233563e+02,-8.375401799980671316e-04
7.494735818208030196e+02,5.910819724175367124e-04
7.495922147269001243e+02,7.163997050855721183e-04
7.497108458626890979e+02,-8.876672730652812940e-04
7.498294752253441402e+02,-1.614510122539886865e-03
7.499481028120396786e+02,-4.365234354603537785e-04
7.500667286199496857e+02,-6.620953542628175634e-04
7.501853526462487025e+02,7.665267981527862807e-04
7.503039748881108153e+02,-1.106973305234616826e-04
7.504225953427103377e+02,1.267797728824927904e-03
7.505412140072216971e+02,-1.088175645334137943e-03
7.506598308788189797e+02,-1.608244235906758585e-04
7.507784459546766129e+02,-3.550669092264043225e-05
7.508970592319687967e+02,1.217670635757713742e-03
7.510156707078697309e+02,-5.618411681283892387e-04
7.511342803795537293e+02,-1.388938203737422918e-03
7.512528882441949918e+02,-2.861421562587112915e-04
7.513714942989680594e+02,-2.109515166578900208e-04
7.514900985410470184e+02,-6.057023745624751343e-05
7.516087009676060688e+02,-1.388938203737422918e-03
7.517273015758196379e+02,-5.618411681283892387e-04
7.518459003628618120e+02,-2.360150631914971020e-04
7.519644973259071321e+02,-1.664637215607101027e-03
7.520830924621296845e+02,6.662726120183579560e-04
7.522016857687037827e+02,-8.876672730652812940e-04
7.523202772428037406e+02,-7.874130869308529693e-04
7.524388668816036443e+02,-6.370318077292104822e-04
7.525574546822779212e+02,-1.489192389871851242e-03
7.526760406420009986e+02,-8.124766334644600504e-04
7.527946247579468491e+02,-6.057023745624751343e-05
7.529132070272899000e+02,7.163997050855721183e-04
7.530317874472045787e+02,-2.109515166578900208e-04
7.531503660148648578e+02,-1.815018494808743514e-03
7.532689427274451646e+02,1.399381348126091699e-04
7.533875175821195853e+02,-1.363874657203815836e-03
7.535060905760626611e+02,-2.861421562587112915e-04
7.536246617064485918e+02,1.017162263488857092e-03
7.537432309704515774e+02,-8.124766334644600504e-04
7.538617983652460453e+02,-8.876672730652812940e-04
7.539803638880059680e+02,1.242734182291320823e-03
7.540989275359058865e+02,5.158913328167154689e-04
7.542174893061201146e+02,-1.965399774010385785e-03
7.543360491958226248e+02,4.156371466822870900e-04
7.544546072021879581e+02,7.163997050855721183e-04
7.545731633223902008e+02,-1.138302738401352106e-03
7.546917175536038940e+02,4.156371466822870900e-04
7.548102698930028964e+02,-1.489192389871851242e-03
7.549288203377618629e+02,-6.871589007964246446e-04
