{
  "rounds": [
    {
      "span": 3.0,
      "step": 0.5,
      "best_z": 61.87,
      "best_score": 0.0029676968697458506,
      "best_img": "af_Z61_870_163039_20260421_163039.png"
    },
    {
      "span": 0.6,
      "step": 0.2,
      "best_z": 61.47,
      "best_score": 0.006462706718593836,
      "best_img": "af_Z61_470_163050_20260421_163050.png"
    }
  ],
  "best_z": 61.47,
  "best_score": 0.006462706718593836
}