{
  "rounds": [
    {
      "span": 3.0,
      "step": 0.5,
      "best_z": 61.88,
      "best_score": 0.0016240724362432957,
      "best_img": "af_Z61_880_172152_20260421_172152.png"
    },
    {
      "span": 0.6,
      "step": 0.2,
      "best_z": 61.48,
      "best_score": 0.0023064324632287025,
      "best_img": "af_Z61_480_172203_20260421_172203.png"
    }
  ],
  "best_z": 61.48,
  "best_score": 0.0023064324632287025
}