{
  "rounds": [
    {
      "span": 3.0,
      "step": 0.5,
      "best_z": 61.87,
      "best_score": 0.01927250437438488,
      "best_img": "af_Z61_870_183702_20260227_183702.png"
    },
    {
      "span": 0.6,
      "step": 0.2,
      "best_z": 61.67,
      "best_score": 0.01595626026391983,
      "best_img": "af_Z61_670_183715_20260227_183715.png"
    }
  ],
  "best_z": 61.67,
  "best_score": 0.01595626026391983
}