{
  "rounds": [
    {
      "span": 3.0,
      "step": 0.5,
      "best_z": 61.88,
      "best_score": 0.01446500513702631,
      "best_img": "af_Z61_880_165233_20260421_165233.png"
    },
    {
      "span": 0.6,
      "step": 0.2,
      "best_z": 61.48,
      "best_score": 0.021574093028903008,
      "best_img": "af_Z61_480_165244_20260421_165244.png"
    }
  ],
  "best_z": 61.48,
  "best_score": 0.021574093028903008
}