{
  "rounds": [
    {
      "span": 3.0,
      "step": 0.5,
      "best_z": 58.37,
      "best_score": 4.2252922867191955e-05,
      "best_img": "af_Z58_370_164132_20260421_164132.png"
    }
  ],
  "best_z": 58.37,
  "best_score": 4.2252922867191955e-05
}