{
  "rounds": [
    {
      "span": 3.0,
      "step": 0.5,
      "best_z": 61.47,
      "best_score": 0.001166479429230094,
      "best_img": "af_Z61_470_163153_20260421_163153.png"
    },
    {
      "span": 0.6,
      "step": 0.2,
      "best_z": 61.47,
      "best_score": 0.0044695534743368626,
      "best_img": "af_Z61_470_163211_20260421_163211.png"
    }
  ],
  "best_z": 61.47,
  "best_score": 0.0044695534743368626
}