{
  "rounds": [
    {
      "span": 3.0,
      "step": 0.5,
      "best_z": 56.87,
      "best_score": 4.523048482951708e-05,
      "best_img": "af_Z56_870_164202_20260421_164202.png"
    }
  ],
  "best_z": 56.87,
  "best_score": 4.523048482951708e-05
}